# git_sha=afac4cb0f9ceabff99760372ae0c936ea74b2f52-dirty; Adapt the Physics stage 2; detector
world,Re,arm,re_hat_w3,re_hat_w6,re_hat_w11,slope_per_frame,slope_ci95_lo,slope_ci95_hi,label,spearman_slope_vs_shortfall,spearman_ci95_lo,spearman_ci95_hi
D,36,H,36.001979510007686,36.00085812872042,35.996736274191456,-0.0006726459493511385,-0.0014597962870466878,0.00016366890279242025,estimate (reported only),0.05066814630014483,-0.07768922161960627,0.16492890198524146
D,36,P1,31.371311141416662,30.590642609448743,29.708322524907253,-0.20466851990496396,-0.21574687376135743,-0.19304806708818747,estimate (reported only),,,
D,36,P1x,35.99824641982416,35.99786042698225,35.99310838884201,-0.0006736981335109532,-0.001448088799618188,0.00014063230434492363,estimate (reported only),,,
D,40,H,39.99852031129129,40.000586390285655,39.99975885768984,0.0001221320938009524,-0.0009529143616191867,0.0011580866281734484,estimate (reported only),-0.02104124974839315,-0.1508057990428852,0.09672736659660588
D,40,P1,34.47505182217412,33.537062448508244,32.39758730548825,-0.2564393874447415,-0.2693902973317094,-0.24249641295401791,estimate (reported only),,,
D,40,P1x,39.99551196178249,39.998542161222396,39.99836131980342,0.000316135259105008,-0.0007129143265941371,0.0013275785797929975,estimate (reported only),,,
D,44,H,43.990832948863755,43.99645276732214,43.99714347102026,0.0007224199093654955,-0.0006292661656864222,0.0020996125514890595,estimate (reported only),0.07838739539107455,-0.04344076013404808,0.20703122545755975
D,44,P1,37.51654699307923,36.47255459578101,35.12517378579551,-0.29591700918461233,-0.3126945820703199,-0.2783465749255383,estimate (reported only),,,
D,44,P1x,43.98887257438866,43.99616772371906,43.99728336744336,0.0009668368474514262,-0.00039536405950795216,0.002309711960257953,estimate (reported only),,,
D,50,H,49.98337526149587,49.984638946951335,49.9732407113394,-0.0013701686014805207,-0.003123403030096507,0.000521459526095096,estimate (reported only),-0.02172203509446573,-0.14657249502541886,0.09247192927200329
D,50,P1,41.93776271908744,40.61815688663544,38.820864618961224,-0.3865353432320089,-0.4081281729329486,-0.36554598946024497,estimate (reported only),,,
D,50,P1x,49.98459043950873,49.988665063072574,49.98376584241969,-0.0001925409110743015,-0.001980459238118668,0.001717679008447933,estimate (reported only),,,
D,56,H,55.978726436440255,55.97952962422211,55.96804236091763,-0.0014336669118128595,-0.004067495994835242,0.0010415241433562102,estimate (reported only),0.11386455942923962,-0.0018760353350920959,0.22402434678391758
D,56,P1,46.300923166863576,44.719727640816906,42.38080617653093,-0.4877462226758271,-0.5159338094769561,-0.46039243188889334,estimate (reported only),,,
D,56,P1x,55.98280014421907,55.98902323376168,55.98496026916524,0.00015954535933613168,-0.0023938581607044697,0.002619517731812655,estimate (reported only),,,
C,36,H,36.00781720908088,36.00463834267023,35.99984610037012,-0.0009925171471282662,-0.0018166448757067806,-0.00019693395082771587,estimate (reported only),0.10550728507502208,-0.005917634227813913,0.21380543097093782
C,36,P1,27.482660038609016,25.002055056113047,25.00003166128894,-0.2787036626547872,-0.28888533875818423,-0.2689572654118521,estimate (reported only),,,
C,36,P1x,36.0033196233385,36.000394167460584,35.99752805836358,-0.0007085656420214978,-0.0014074339528752523,-1.59074921560245e-05,estimate (reported only),,,
C,40,H,40.0016035177845,39.99942572272546,39.99468289773868,-0.0008735966375273606,-0.001911150688818585,0.0001819748818782008,estimate (reported only),0.020638562726217922,-0.09266953277001935,0.13405611284878335
C,40,P1,29.83640028545314,25.009869178880855,25.00003166128894,-0.5430584683774498,-0.5542083303261206,-0.5323581232543532,estimate (reported only),,,
C,40,P1x,39.99667365454633,39.998924212495126,40.00116933680829,0.0005504362602845722,-0.00042599245774112466,0.0015346588168410136,estimate (reported only),,,
C,44,H,44.00059707846627,43.99128604978931,43.9928335151952,-0.0008398394405091273,-0.0022594102691475514,0.0006166499687096041,estimate (reported only),0.04283427289516487,-0.06881604573092613,0.14679278282438987
C,44,P1,32.08882396015288,25.027432599423584,25.00003166128894,-0.7962399710589049,-0.8101107978116532,-0.7822727874628792,estimate (reported only),,,
C,44,P1x,43.99622656772585,43.992167198678644,43.99492809223503,-8.94024825136698e-05,-0.001361021327843998,0.001205599534290983,estimate (reported only),,,
C,50,H,49.9933122400747,49.99306963642645,50.00562652889858,0.0016384792041519972,-0.0005269594089037525,0.003724269678670211,estimate (reported only),-0.015604883214188743,-0.1295598631788976,0.08792561407608791
C,50,P1,35.39216400474961,25.186048823837233,25.00003166128894,-1.1702601030935103,-1.188591070598783,-1.1521737989127834,estimate (reported only),,,
C,50,P1x,49.98640590086624,49.992329981727856,50.0034909488358,0.002145484304909504,0.00023060605281946571,0.003995556897299707,estimate (reported only),,,
C,56,H,55.99555429661394,55.98207226209665,55.9774393931335,-0.0021278538388879707,-0.004962837286296651,0.0007350818028965816,estimate (reported only),-0.03367472628554789,-0.14579293501682025,0.08134603432025453
C,56,P1,38.08016328569221,25.30112519643209,25.00003166128894,-1.4743228054971658,-1.4951063497126529,-1.4540707919409777,estimate (reported only),,,
C,56,P1x,55.988874915249156,55.99197589310626,55.99140551312425,0.0002724062924688381,-0.0022525133930993866,0.002876857443186896,estimate (reported only),,,
