# git_sha=fe1909f760be03d95802d319af5b3261413f258a-dirty; Adapt the Physics stage 2; part B robustness (reported, not criteria)
item,panel,arm,variant,window,n,restricted_mean,ci95_lo,ci95_hi,label,ratio_to_O,H_seed_pooled,H_over_L_range_wide,ratio_to_O_std,window_starts_before_tc,window_end_after_tc,ratio_to_O_noise5,ratio_to_L_range,re_hat_median,amp_hat_median
1 train wider,s2_test_Re36_D,L_range_wide,std,11,300,1.3783578271847745,1.303968784087783,1.4482423434506329,learned,0.5170602787209483,2.450216675124659,1.7776346800519147,,,,,,,
1 train wider,s2_test_Re40_D,L_range_wide,std,11,300,2.2209672940741014,2.121635041242806,2.326970677494955,learned,0.6501016843391366,3.2499919888165705,1.463322759181584,,,,,,,
1 train wider,s2_test_Re44_D,L_range_wide,std,11,300,2.5926472705930452,2.4808976634202167,2.715417422708094,learned,0.6810259230305679,3.699913030252874,1.4270792144457627,,,,,,,
1 train wider,s2_test_Re50_D,L_range_wide,std,11,300,2.1837120116783897,2.095986769304478,2.27323064072856,learned,0.6448024207903167,3.300132893839433,1.5112491373360941,,,,,,,
1 train wider,s2_test_Re56_D,L_range_wide,std,11,300,1.9383244909055464,1.858157955290833,2.0280513123100574,learned,0.5805660570144069,3.2752293976036877,1.6897219288982754,,,,,,,
1 train wider,s2_test_Re36_C,L_range_wide,std,11,300,1.994748386079627,1.9317307886125916,2.0597401675163907,learned,0.6745855124068098,2.511710393930421,1.2591615120274913,,,,,,,
1 train wider,s2_test_Re40_C,L_range_wide,std,11,300,2.3105395306161243,2.2425824855980037,2.374405516067938,learned,0.7465119694521956,2.694493046950393,1.1661748311364681,,,,,,,
1 train wider,s2_test_Re44_C,L_range_wide,std,11,300,2.3405072174892565,2.2821132523602277,2.3972182185431716,learned,0.726523887973641,2.777751991858893,1.186816246966623,,,,,,,
1 train wider,s2_test_Re50_C,L_range_wide,std,11,300,2.1052428463617656,2.049434268162384,2.161695179234254,learned,0.6805763073639275,2.655240428616541,1.2612513721185512,,,,,,,
1 train wider,s2_test_Re56_C,L_range_wide,std,11,300,1.7379106019312558,1.6977319205078765,1.778454544094847,learned,0.5713256484149856,2.5249257435092036,1.4528513380972394,,,,,,,
2 straddle,s2_test_Re44_D,H,straddle,8,300,2.0734001995944777,1.984454150241046,2.168228144446141,hybrid (learned correction) (single seed),,,,0.5446322377735562,3,8,,,,
2 straddle,s2_test_Re44_D,L_range,straddle,8,300,2.43502784874501,2.308925903973011,2.5608991309484512,learned (single seed),,,,0.6396231014940119,3,8,,,,
2 straddle,s2_test_Re44_D,H,straddle,5,300,1.3716734076921686,1.3119574316099047,1.4377966773454907,hybrid (learned correction) (single seed),,,,0.3603055298595887,6,5,,,,
2 straddle,s2_test_Re44_D,L_range,straddle,5,300,2.267413048926124,2.160276693124458,2.3822381570130604,learned (single seed),,,,0.5955947351770892,6,5,,,,
2 straddle,s2_test_Re44_D,H,straddle,2,300,1.124351875849317,1.0794944135583373,1.1745978720335564,hybrid (learned correction) (single seed),,,,0.2953401269607653,9,2,,,,
2 straddle,s2_test_Re44_D,L_range,straddle,2,300,1.7802024457828483,1.6969012220655193,1.865035012663661,learned (single seed),,,,0.46761625754945874,9,2,,,,
4 noise 5%,s2_test_Re44_D,O,noise5,11,300,2.738220980527491,2.5946655680679287,2.887645473898142,reference,,,,,,,1.0,,,
4 noise 5%,s2_test_Re44_D,H,noise5,11,300,2.6831182558163893,2.5467582340371258,2.8263917473588247,hybrid (learned correction) (single seed),,,,,,,0.9798764507675028,,,
4 noise 5%,s2_test_Re44_D,L_range,noise5,11,300,2.117994962849044,2.0285491445970694,2.215674153339828,learned (single seed),,,,,,,0.773493073755148,,,
2 straddle,s2_test_Re50_D,H,straddle,8,300,1.2686326924988742,1.220098223667886,1.31776244514257,hybrid (learned correction) (single seed),,,,0.37459950160199357,3,8,,,,
2 straddle,s2_test_Re50_D,L_range,straddle,8,300,1.69241448524143,1.6236780429690687,1.7623414951392056,learned (single seed),,,,0.49973300106799573,3,8,,,,
2 straddle,s2_test_Re50_D,H,straddle,5,300,0.6769657940965721,0.6501403463340631,0.7028870132828166,hybrid (learned correction) (single seed),,,,0.19989320042719833,6,5,,,,
2 straddle,s2_test_Re50_D,L_range,straddle,5,300,1.4983067508700176,1.4359149791077777,1.55919147500515,learned (single seed),,,,0.4424172303310787,6,5,,,,
2 straddle,s2_test_Re50_D,H,straddle,2,300,0.5057651836571896,0.4867688483175028,0.5247539837587408,hybrid (learned correction) (single seed),,,,0.14934140263438947,9,2,,,,
2 straddle,s2_test_Re50_D,L_range,straddle,2,300,1.0036937196534215,0.9633048432469475,1.044692950348874,learned (single seed),,,,0.2963688145247419,9,2,,,,
4 noise 5%,s2_test_Re50_D,O,noise5,11,300,2.344363288728022,2.2454708234372447,2.4543853007449856,reference,,,,,,,1.0,,,
4 noise 5%,s2_test_Re50_D,H,noise5,11,300,2.3109068314062413,2.211743097542585,2.419112851032541,hybrid (learned correction) (single seed),,,,,,,0.9857289791720237,,,
4 noise 5%,s2_test_Re50_D,L_range,noise5,11,300,1.6245973420216042,1.5594928845305716,1.6903196890397507,learned (single seed),,,,,,,0.6929802005656981,,,
2 straddle,s2_test_Re44_C,H,straddle,8,300,1.8095006271506626,1.7656388123963658,1.854472779199328,hybrid (learned correction) (single seed),,,,0.5616925344663142,3,8,,,,
2 straddle,s2_test_Re44_C,L_range,straddle,8,300,2.227099181888273,2.1706535444644586,2.279613247634541,learned (single seed),,,,0.6913205583976415,3,8,,,,
2 straddle,s2_test_Re44_C,H,straddle,5,300,1.212851454629234,1.1838011203866177,1.241622458734902,hybrid (learned correction) (single seed),,,,0.37648486950489907,6,5,,,,
2 straddle,s2_test_Re44_C,L_range,straddle,5,300,2.034361387393991,1.9843612928802576,2.082140807318987,learned (single seed),,,,0.6314922396601058,6,5,,,,
2 straddle,s2_test_Re44_C,H,straddle,2,300,1.0284935642433992,1.0050228494863238,1.053360929685216,hybrid (learned correction) (single seed),,,,0.31925778201682137,9,2,,,,
2 straddle,s2_test_Re44_C,L_range,straddle,2,300,1.5324051312980143,1.491622931303572,1.5720769939980872,learned (single seed),,,,0.4756784878175671,9,2,,,,
4 noise 5%,s2_test_Re44_C,O,noise5,11,300,2.3178814763964497,2.252518224350563,2.383538025086132,reference,,,,,,,1.0,,,
4 noise 5%,s2_test_Re44_C,H,noise5,11,300,2.1606186092945934,2.1044662685145745,2.215653629526819,hybrid (learned correction) (single seed),,,,,,,0.9321523258616533,,,
4 noise 5%,s2_test_Re44_C,L_range,noise5,11,300,1.9969311490429278,1.9460860808649254,2.0444242555775514,learned (single seed),,,,,,,0.8615328994938537,,,
2 straddle,s2_test_Re50_C,H,straddle,8,300,1.256146939063277,1.2231338789039268,1.289168252487667,hybrid (learned correction) (single seed),,,,0.4060832443970117,3,8,,,,
2 straddle,s2_test_Re50_C,L_range,straddle,8,300,1.7361568337802298,1.6965411615890096,1.7784218040492374,learned (single seed),,,,0.5612593383137674,3,8,,,,
2 straddle,s2_test_Re50_C,H,straddle,5,300,0.7018576589877862,0.680729300485802,0.7236462786929574,hybrid (learned correction) (single seed),,,,0.22689434364994662,6,5,,,,
2 straddle,s2_test_Re50_C,L_range,straddle,5,300,1.540719517636876,1.5073680736108925,1.5763736226089744,learned (single seed),,,,0.4980789754535752,6,5,,,,
2 straddle,s2_test_Re50_C,H,straddle,2,300,0.523587134127295,0.5084011264539938,0.538773141800596,hybrid (learned correction) (single seed),,,,0.16926360725720385,9,2,,,,
2 straddle,s2_test_Re50_C,L_range,straddle,2,300,0.9590293976291249,0.9326106962366046,0.9847795845534179,learned (single seed),,,,0.3100320170757738,9,2,,,,
4 noise 5%,s2_test_Re50_C,O,noise5,11,300,2.2290418219593287,2.1682895380010843,2.286814677238192,reference,,,,,,,1.0,,,
4 noise 5%,s2_test_Re50_C,H,noise5,11,300,2.080813181843846,2.0233622039015366,2.1352929843718136,hybrid (learned correction) (single seed),,,,,,,0.9335011848341231,,,
4 noise 5%,s2_test_Re50_C,L_range,noise5,11,300,1.6684800604535615,1.6301849106687152,1.707435471441595,learned (single seed),,,,,,,0.7485189573459715,,,
3 two parameters,s2_test2p_Re44_A1.1,O,2p,11,300,3.3680157509569484,3.206812290797697,3.5336723837572124,reference,1.0,,,,,,,4.142173615857827,,
3 two parameters,s2_test2p_Re44_A1.1,H,2p,11,300,3.2493571102260392,3.0962402225381447,3.397784619547811,hybrid (learned correction) (single seed),0.9647689768976897,,,,,,,3.9962406015037595,43.981662539934376,1.1001981153493032
3 two parameters,s2_test2p_Re44_A1.1,H_Re_only,2p,11,300,0.965664582060676,0.8975748081845849,1.0282035213967209,hybrid (learned correction) (single seed),0.2867161716171616,,,,,,,1.1876281613123716,47.847614316745386,
3 two parameters,s2_test2p_Re44_A1.1,L_range,2p,11,300,0.8131034725495074,0.7961522381593776,0.8303395432552093,learned (single seed),0.2414191419141914,,,,,,,1.0,,
3 two parameters,s2_test2p_Re50_A0.9,O,2p,11,300,3.8078360799472573,3.64972920380044,3.9703572680231285,reference,1.0,,,,,,,5.908813263525304,,
3 two parameters,s2_test2p_Re50_A0.9,H,2p,11,300,3.6790618848194536,3.525538020420635,3.8320304456475798,hybrid (learned correction) (single seed),0.9661817913313151,,,,,,,5.708987783595112,49.99182320513327,0.900012013161222
3 two parameters,s2_test2p_Re50_A0.9,H_Re_only,2p,11,300,0.9146341850452948,0.8465919247375908,0.9846516390664767,hybrid (learned correction) (single seed),0.24019788820793028,,,,,,,1.4192844677137868,45.21747174695399,
3 two parameters,s2_test2p_Re50_A0.9,L_range,2p,11,300,0.6444333083688337,0.6320549591537648,0.656523462059872,learned (single seed),0.16923872111053684,,,,,,,1.0,,
