# git_sha=49d060feb9e37c1781676fb8b4946ab7165cc75e-dirty; Adapt the Physics pivot PV2_detector
figure,world,arm,Re,w,re_hat_mean,slope_per_frame,label
PV2,D,H,36,3,35.999310950481075,-6.731092575013808e-05,estimate (reported only)
PV2,D,H,36,6,36.000194157357384,-6.731092575013808e-05,estimate (reported only)
PV2,D,H,36,11,36.00035463423468,-6.731092575013808e-05,estimate (reported only)
PV2,D,H,36,23,35.99835321119583,-6.731092575013808e-05,estimate (reported only)
PV2,D,P1,36,3,31.368621894104155,-0.18727351875536627,estimate (reported only)
PV2,D,P1,36,6,30.582799525751433,-0.18727351875536627,estimate (reported only)
PV2,D,P1,36,11,29.73557654870244,-0.18727351875536627,estimate (reported only)
PV2,D,P1,36,23,27.53904586115424,-0.18727351875536627,estimate (reported only)
PV2,D,P1x,36,3,35.99658735493698,6.499493838734475e-05,estimate (reported only)
PV2,D,P1x,36,6,35.99708368344685,6.499493838734475e-05,estimate (reported only)
PV2,D,P1x,36,11,35.997834784442794,6.499493838734475e-05,estimate (reported only)
PV2,D,P1x,36,23,35.99798925493331,6.499493838734475e-05,estimate (reported only)
PV2,D,H,40,3,39.99590743632888,0.0001495349969542414,estimate (reported only)
PV2,D,H,40,6,39.996506512225395,0.0001495349969542414,estimate (reported only)
PV2,D,H,40,11,39.99579411923198,0.0001495349969542414,estimate (reported only)
PV2,D,H,40,23,39.99898320860021,0.0001495349969542414,estimate (reported only)
PV2,D,P1,40,3,34.473048627267836,-0.25317410345608243,estimate (reported only)
PV2,D,P1,40,6,33.54972070471853,-0.25317410345608243,estimate (reported only)
PV2,D,P1,40,11,32.45311734784328,-0.25317410345608243,estimate (reported only)
PV2,D,P1,40,23,29.345938636112223,-0.25317410345608243,estimate (reported only)
PV2,D,P1x,40,3,39.99366654848694,0.0005034083600849757,estimate (reported only)
PV2,D,P1x,40,6,39.9950520243945,0.0005034083600849757,estimate (reported only)
PV2,D,P1x,40,11,39.994854324973396,0.0005034083600849757,estimate (reported only)
PV2,D,P1x,40,23,40.003744292344,0.0005034083600849757,estimate (reported only)
PV2,D,H,44,3,43.996362520909955,0.0005160203575463905,estimate (reported only)
PV2,D,H,44,6,43.99620149931735,0.0005160203575463905,estimate (reported only)
PV2,D,H,44,11,43.99877043024141,0.0005160203575463905,estimate (reported only)
PV2,D,H,44,23,44.0060553297525,0.0005160203575463905,estimate (reported only)
PV2,D,P1,44,3,37.49897945068753,-0.2711765122097607,estimate (reported only)
PV2,D,P1,44,6,36.46161007678763,-0.2711765122097607,estimate (reported only)
PV2,D,P1,44,11,35.263087628964776,-0.2711765122097607,estimate (reported only)
PV2,D,P1,44,23,31.990010896612784,-0.2711765122097607,estimate (reported only)
PV2,D,P1x,44,3,43.99335950740176,0.0008794348626619141,estimate (reported only)
PV2,D,P1x,44,6,43.99564789593397,0.0008794348626619141,estimate (reported only)
PV2,D,P1x,44,11,43.999649576006895,0.0008794348626619141,estimate (reported only)
PV2,D,P1x,44,23,44.0108277353741,0.0008794348626619141,estimate (reported only)
PV2,D,H,50,3,49.985587568217696,-0.0012025609018824332,estimate (reported only)
PV2,D,H,50,6,49.9908487166646,-0.0012025609018824332,estimate (reported only)
PV2,D,H,50,11,49.987376209358175,-0.0012025609018824332,estimate (reported only)
PV2,D,H,50,23,49.964742445354396,-0.0012025609018824332,estimate (reported only)
PV2,D,P1,50,3,41.95622153866206,-0.3494072925043495,estimate (reported only)
PV2,D,P1,50,6,40.649898059011974,-0.3494072925043495,estimate (reported only)
PV2,D,P1,50,11,38.91932614581548,-0.3494072925043495,estimate (reported only)
PV2,D,P1,50,23,34.87292684392625,-0.3494072925043495,estimate (reported only)
PV2,D,P1x,50,3,49.98477222488497,-0.0002821828736263278,estimate (reported only)
PV2,D,P1x,50,6,49.990550024632896,-0.0002821828736263278,estimate (reported only)
PV2,D,P1x,50,11,49.9932926425351,-0.0002821828736263278,estimate (reported only)
PV2,D,P1x,50,23,49.98147723554241,-0.0002821828736263278,estimate (reported only)
PV2,D,H,56,3,55.97961652942924,0.00038597618121492626,estimate (reported only)
PV2,D,H,56,6,55.98672027595431,0.00038597618121492626,estimate (reported only)
PV2,D,H,56,11,55.99091442592669,0.00038597618121492626,estimate (reported only)
PV2,D,H,56,23,55.98947402151475,0.00038597618121492626,estimate (reported only)
PV2,D,P1,56,3,46.28259619188459,-0.45108398889465384,estimate (reported only)
PV2,D,P1,56,6,44.722032007761726,-0.45108398889465384,estimate (reported only)
PV2,D,P1,56,11,42.5510371434159,-0.45108398889465384,estimate (reported only)
PV2,D,P1,56,23,37.18303794472565,-0.45108398889465384,estimate (reported only)
PV2,D,P1x,56,3,55.98186663189094,0.0012612769825319954,estimate (reported only)
PV2,D,P1x,56,6,55.99189924714009,0.0012612769825319954,estimate (reported only)
PV2,D,P1x,56,11,56.00247433959485,0.0012612769825319954,estimate (reported only)
PV2,D,P1x,56,23,56.009300526845365,0.0012612769825319954,estimate (reported only)
PV2,C,H,36,3,36.0016045251689,-0.0006342438864265936,estimate (reported only)
PV2,C,H,36,6,36.004519779530135,-0.0006342438864265936,estimate (reported only)
PV2,C,H,36,11,35.99688503999566,-0.0006342438864265936,estimate (reported only)
PV2,C,H,36,23,35.99078061210306,-0.0006342438864265936,estimate (reported only)
PV2,C,P1,36,3,27.48209280123026,-0.08265872617765793,estimate (reported only)
PV2,C,P1,36,6,25.00063054198465,-0.08265872617765793,estimate (reported only)
PV2,C,P1,36,11,25.00003166128894,-0.08265872617765793,estimate (reported only)
PV2,C,P1,36,23,25.00003166128894,-0.08265872617765793,estimate (reported only)
PV2,C,P1x,36,3,35.996925871040645,0.00014715846313179896,estimate (reported only)
PV2,C,P1x,36,6,36.00112147748248,0.00014715846313179896,estimate (reported only)
PV2,C,P1x,36,11,36.00009302621751,0.00014715846313179896,estimate (reported only)
PV2,C,P1x,36,23,36.00128411382419,0.00014715846313179896,estimate (reported only)
PV2,C,H,40,3,39.99619754190155,-0.0003144965637363893,estimate (reported only)
PV2,C,H,40,6,39.9995721678331,-0.0003144965637363893,estimate (reported only)
PV2,C,H,40,11,39.99895614596822,-0.0003144965637363893,estimate (reported only)
PV2,C,H,40,23,39.99147433757082,-0.0003144965637363893,estimate (reported only)
PV2,C,P1,40,3,29.86919385126919,-0.1625841387865503,estimate (reported only)
PV2,C,P1,40,6,25.022231941335793,-0.1625841387865503,estimate (reported only)
PV2,C,P1,40,11,25.00003166128894,-0.1625841387865503,estimate (reported only)
PV2,C,P1,40,23,25.00003166128894,-0.1625841387865503,estimate (reported only)
PV2,C,P1x,40,3,39.99035615236661,0.00010238324877860579,estimate (reported only)
PV2,C,P1x,40,6,39.99527647155945,0.00010238324877860579,estimate (reported only)
PV2,C,P1x,40,11,39.99682133983306,0.00010238324877860579,estimate (reported only)
PV2,C,P1x,40,23,39.99407737036273,0.00010238324877860579,estimate (reported only)
PV2,C,H,44,3,43.99946439028225,-0.0019569304548015176,estimate (reported only)
PV2,C,H,44,6,43.99782545721487,-0.0019569304548015176,estimate (reported only)
PV2,C,H,44,11,43.988472599663034,-0.0019569304548015176,estimate (reported only)
PV2,C,H,44,23,43.96187152923977,-0.0019569304548015176,estimate (reported only)
PV2,C,P1,44,3,32.176848493559035,-0.23052396677001297,estimate (reported only)
PV2,C,P1,44,6,25.103551041977692,-0.23052396677001297,estimate (reported only)
PV2,C,P1,44,11,25.00003166128894,-0.23052396677001297,estimate (reported only)
PV2,C,P1,44,23,25.20065159946399,-0.23052396677001297,estimate (reported only)
PV2,C,P1x,44,3,43.99398920336919,-0.000496662559316196,estimate (reported only)
PV2,C,P1x,44,6,43.99622423862818,-0.000496662559316196,estimate (reported only)
PV2,C,P1x,44,11,43.996013549420375,-0.000496662559316196,estimate (reported only)
PV2,C,P1x,44,23,43.98537794788238,-0.000496662559316196,estimate (reported only)
PV2,C,H,50,3,50.00219586554299,-0.0023486564274675524,estimate (reported only)
PV2,C,H,50,6,49.998505524146,-0.0023486564274675524,estimate (reported only)
PV2,C,H,50,11,49.993259261214355,-0.0023486564274675524,estimate (reported only)
PV2,C,H,50,23,49.956322824396324,-0.0023486564274675524,estimate (reported only)
PV2,C,P1,50,3,35.2403288960765,-0.3379765819731269,estimate (reported only)
PV2,C,P1,50,6,25.12309779004984,-0.3379765819731269,estimate (reported only)
PV2,C,P1,50,11,25.00003166128894,-0.3379765819731269,estimate (reported only)
PV2,C,P1,50,23,25.104751516552007,-0.3379765819731269,estimate (reported only)
PV2,C,P1x,50,3,49.99146476024892,0.00010778751504292823,estimate (reported only)
PV2,C,P1x,50,6,49.99437750178314,0.00010778751504292823,estimate (reported only)
PV2,C,P1x,50,11,49.989817752953996,0.00010778751504292823,estimate (reported only)
PV2,C,P1x,50,23,49.99467576581932,0.00010778751504292823,estimate (reported only)
PV2,C,H,56,3,55.99050766388255,-0.002721631237678198,estimate (reported only)
PV2,C,H,56,6,55.99880365400025,-0.002721631237678198,estimate (reported only)
PV2,C,H,56,11,56.00598698852034,-0.002721631237678198,estimate (reported only)
PV2,C,H,56,23,55.94169757827684,-0.002721631237678198,estimate (reported only)
PV2,C,P1,56,3,38.157480552283836,-0.4399776558462576,estimate (reported only)
PV2,C,P1,56,6,25.321650812771363,-0.4399776558462576,estimate (reported only)
PV2,C,P1,56,11,25.001246702832997,-0.4399776558462576,estimate (reported only)
PV2,C,P1,56,23,25.089241189137883,-0.4399776558462576,estimate (reported only)
PV2,C,P1x,56,3,55.97919084634376,-0.0003801216714555107,estimate (reported only)
PV2,C,P1x,56,6,55.99022958315479,-0.0003801216714555107,estimate (reported only)
PV2,C,P1x,56,11,56.00144279106175,-0.0003801216714555107,estimate (reported only)
PV2,C,P1x,56,23,55.9757947397839,-0.0003801216714555107,estimate (reported only)
