# git_sha=db87fc7f4790d83bfa30be3d7fcddc4359286a0c-dirty; Adapt the Physics stage 1; kill-rule quantities, first 100 states
Re,w,eps,n,P1,L_param_P1,L_range,L_ft,L0big,O,I_star,I_arm,A_star,A_arm,ratio,opponents_present,ratio_300_without_Lft,label
36,3,0.1,100,0.20964533385502684,0.37262979403072166,0.9430754046456541,0.21293131087469813,0.4087755412471058,2.774456696310445,0.37262979403072166,L_param_P1,0.9430754046456541,L_range,0.395121951219512,"L0big,L_ft,L_range",0.3812575975245884,estimate
36,3,0.3,100,0.4452498861654568,1.1201895660059353,1.6784770616480835,0.518198576002159,0.9749493817364652,3.6504884678588185,1.1201895660059353,L_param_P1,1.6784770616480835,L_range,0.6673844949099453,"L0big,L_ft,L_range",0.6450163894621829,estimate
36,6,0.1,100,0.21818887410617216,0.3039528743195923,1.2026675891996839,0.3016526904058224,0.40910413894907277,2.915966305360296,0.3039528743195923,L_param_P1,1.2026675891996839,L_range,0.25273224043715853,"L0big,L_ft,L_range",0.24015171105939143,estimate
36,6,0.3,100,0.4616797712638131,1.0672853359892278,2.047492280957167,0.7616894731598001,1.008466347337112,3.7945205599224128,1.0672853359892278,L_param_P1,2.047492280957167,L_range,0.5212646445193388,"L0big,L_ft,L_range",0.5120565197358318,estimate
36,11,0.1,100,0.21490289708650084,0.2569634029382932,1.4011406011878285,0.41600469069038254,0.40713255273727006,2.844554305431436,0.2569634029382932,L_param_P1,1.4011406011878285,L_range,0.1833958724202627,"L0big,L_ft,L_range",0.17803485576923078,estimate
36,11,0.3,100,0.48533880580544625,1.0104379335489149,2.30445568389546,1.0462550830633317,1.0377115428121864,3.7245292494034152,1.0104379335489149,L_param_P1,2.30445568389546,L_range,0.4384714102381292,"L0big,L_ft,L_range",0.43953575439910153,estimate
36,23,0.1,100,0.1682420234071689,0.17382818434061012,1.5148354060684541,0.6447086912595027,0.4340775642985744,2.7500341677628835,0.17382818434061012,L_param_P1,1.5148354060684541,L_range,0.1147505422993493,"L0big,L_ft,L_range",0.11300130302591574,estimate
36,23,0.3,100,0.49848271388413123,0.7449309903594766,2.389562488704947,1.3051900722134278,0.9627912667636815,3.799014629147959,0.7449309903594766,L_param_P1,2.389562488704947,L_range,0.3117436743674367,"L0big,L_ft,L_range",0.33517292126563647,estimate
40,3,0.1,100,0.3785205374162989,0.5677808061244484,2.273474283736404,0.37264288931977246,3.0857652506763498,3.4520227094489946,0.5677808061244484,L_param_P1,3.0857652506763498,L0big,0.184,"L0big,L_ft,L_range",0.187887167229304,estimate
40,3,0.3,100,0.7687963710256506,1.6333984060246811,3.3908151868860683,0.8346260297067459,4.410159331541846,4.7534939627380375,1.6333984060246811,L_param_P1,4.410159331541846,L0big,0.3703717446992159,"L0big,L_ft,L_range",0.36913044036813164,estimate
40,6,0.1,100,0.39556571689622544,0.4737384365800263,2.2711232244977935,0.4496400793842681,3.087020762654707,3.398616094129656,0.4737384365800263,L_param_P1,3.087020762654707,L0big,0.15346137036429627,"L0big,L_ft,L_range",0.15668206320546238,estimate
40,6,0.3,100,0.7793761375993981,1.5205475625713745,3.400219423840511,1.1049978421469595,4.360279305080423,4.639627554383529,1.5205475625713745,L_param_P1,4.360279305080423,L0big,0.3487271012202574,"L0big,L_ft,L_range",0.3407703630112426,estimate
40,11,0.1,100,0.38145936146456205,0.404382189041015,2.3416550016561097,0.5701318653630589,3.086940780295655,3.6112269905058074,0.404382189041015,L_param_P1,3.086940780295655,L0big,0.130997715156131,"L0big,L_ft,L_range",0.12980055508939523,estimate
40,11,0.3,100,0.8175808502268196,1.4270929578366052,3.5442218022054073,1.409460013547026,4.420231315664992,4.809651549091245,1.4270929578366052,L_param_P1,4.420231315664992,L0big,0.3228548136788876,"L0big,L_ft,L_range",0.3093062056064694,estimate
40,23,0.1,100,0.28741699192014,0.25215110334098173,2.2664211060205726,0.8775328608113885,3.1945017404620875,3.5019027359104173,0.28741699192014,P1,3.1945017404620875,L0big,0.08997240110395584,"L0big,L_ft,L_range",0.08879267068273092,estimate
40,23,0.3,100,0.8299239112295248,1.1714152656377075,3.332626470730458,1.793858199059851,4.497308488088539,4.7253612342337625,1.1714152656377075,L_param_P1,4.497308488088539,L0big,0.26047029434166885,"L0big,L_ft,L_range",0.2478091721699987,estimate
44,3,0.1,100,0.5051510251422393,0.7288937166435965,1.999844469398728,0.44517875731713324,1.1187134575067856,3.6375487061612386,0.7288937166435965,L_param_P1,1.999844469398728,L_range,0.36447520184544413,"L0big,L_ft,L_range",0.36082731123847495,estimate
44,3,0.3,100,1.0095331750559515,1.8683668053206108,3.283097225810292,1.0425948098826123,2.35045157360704,4.904701303065226,1.8683668053206108,L_param_P1,3.283097225810292,L_range,0.5690866510538641,"L0big,L_ft,L_range",0.5678166171654864,estimate
44,6,0.1,100,0.5082265260563473,0.5958783021084254,2.245115667298841,0.5812696727664124,1.0971849511080294,3.577576438336132,0.5958783021084254,L_param_P1,2.245115667298841,L_range,0.26541095890410965,"L0big,L_ft,L_range",0.26519029601602495,estimate
44,6,0.3,100,1.0226040539409105,1.7069030073299407,3.543745928280945,1.2609553747842808,2.370442329548742,4.886294517872067,1.7069030073299407,L_param_P1,3.543745928280945,L_range,0.4816663050553265,"L0big,L_ft,L_range",0.48999142121818706,estimate
44,11,0.1,100,0.49669339762844233,0.4928490214858073,2.394277461633079,0.7165917129871646,1.1256333345635285,3.655232836417359,0.49669339762844233,P1,2.394277461633079,L_range,0.2074502247912653,"L0big,L_ft,L_range",0.2073893711623968,estimate
44,11,0.3,100,1.0072265493703705,1.6000293505646876,3.6237089520477515,1.5646610900524462,2.363522452491999,4.947081881217191,1.6000293505646876,L_param_P1,3.6237089520477515,L_range,0.4415446636961597,"L0big,L_ft,L_range",0.4364032118903161,estimate
44,23,0.1,100,0.3859753647205542,0.32984747303808326,2.4058105900609843,0.9826225420575065,1.1102558299929886,3.692907722615183,0.3859753647205542,P1,2.4058105900609843,L_range,0.16043464365612017,"L0big,L_ft,L_range",0.15229855102679038,estimate
44,23,0.3,100,0.9987689218565734,1.3078567637244276,3.721356106070682,2.038288230825078,2.305087935123947,4.9408384388059945,1.3078567637244276,L_param_P1,3.721356106070682,L_range,0.3514462809917355,"L0big,L_ft,L_range",0.34387867142465,estimate
50,3,0.1,100,0.5714724601990653,0.8092845757565874,1.3861824074132385,0.49913417409791777,0.5814189745379731,3.5635648190577784,0.8092845757565874,L_param_P1,1.3861824074132385,L_range,0.58382257012394,"L0big,L_ft,L_range",0.5949250288350634,estimate
50,3,0.3,100,1.1275730346016366,1.9359533817819596,2.5671049280144724,1.1528914347370383,1.6818651518516794,4.811565738948153,1.9359533817819596,L_param_P1,2.5671049280144724,L_range,0.7541387812610071,"L0big,L_ft,L_range",0.7642356413725249,estimate
50,6,0.1,100,0.5768978316566514,0.6555657177916491,1.6945243519193798,0.6483318891815344,0.5651428601652149,3.517449161668297,0.6555657177916491,L_param_P1,1.6945243519193798,L_range,0.38687299893276417,"L0big,L_ft,L_range",0.3998114985862394,estimate
50,6,0.3,100,1.1275730346016368,1.734310409275011,2.9052864155373364,1.3979373789046752,1.618569151513175,4.720977396676139,1.734310409275011,L_param_P1,2.9052864155373364,L_range,0.596949891067538,"L0big,L_ft,L_range",0.6023537033038221,estimate
50,11,0.1,100,0.567855545894008,0.549770974368721,1.863615095680812,0.7957211471126224,0.5696640030465366,3.4098459610928398,0.567855545894008,P1,1.863615095680812,L_range,0.30470645317806905,"L0big,L_ft,L_range",0.312221841834988,estimate
50,11,0.3,100,1.1212434345677864,1.548039322564556,3.0255488161804935,1.6068141800217388,1.585112694191394,4.670340596405336,1.548039322564556,L_param_P1,3.0255488161804935,L_range,0.5116557083084279,"L0big,L_ft,L_range",0.506345957011259,estimate
50,23,0.1,100,0.41956205938665553,0.3282349731839567,1.8482432098843184,0.9331638907048025,0.5253568028095836,3.2479890459415217,0.41956205938665553,P1,1.8482432098843184,L_range,0.22700587084148732,"L0big,L_ft,L_range",0.2206942814019788,estimate
50,23,0.3,100,1.0308205769413519,1.1465618347031878,2.9803373873672765,1.8816996672060993,1.489264465107374,4.446626766102701,1.1465618347031878,L_param_P1,2.9803373873672765,L_range,0.3847087378640777,"L0big,L_ft,L_range",0.38306824012314006,estimate
