# git_sha=7ae83afbfb6889f9acaa38781a5a592318baef9a-dirty; Adapt the Physics stage 1; paired differences a - b; frozen readings
Re,w,eps,a,b,n,mean_a,mean_b,diff,ci90_lo,ci90_hi,ci95_lo,ci95_hi,reading,label
36,3,0.1,P1,L_range,300,0.20953580128770447,0.9911602017001767,-0.7816244004124723,-0.842425928533123,-0.7243333910745037,-0.8561092845058708,-0.7164525228556589,a well below b,estimate
36,3,0.1,P1,L_ft,100,0.20964533385502684,0.21293131087469813,-0.003285977019671288,-0.01380110348261937,0.006243356337375411,-0.01577268969442211,0.008214942549178122,approximately equal,estimate
36,3,0.1,L_param_P1,L_range,300,0.3778873572621958,0.9911602017001767,-0.6132728444379809,-0.6680446047275349,-0.562559265767721,-0.6785871143323136,-0.555324639696078,a well below b,estimate
36,3,0.1,L_param_P1,L_ft,100,0.37262979403072166,0.21293131087469813,0.15969848315602353,0.13735383942225904,0.1840147131015909,0.13405964746003843,0.18828648322716363,no reading,estimate
36,3,0.1,O,P1,300,2.7455400985373375,0.20953580128770447,2.536004297249633,2.3570398369553716,2.714748391785554,2.3317965347575274,2.741869376059209,b well below a,estimate
36,3,0.1,O,L_param_P1,300,2.7455400985373375,0.3778873572621958,2.367652741275142,2.1972165232347924,2.5374399823728893,2.1738187639471978,2.5664922725618036,b well below a,estimate
36,3,0.1,P1,P0,300,0.20953580128770447,0.08631166305003198,0.12322413823767249,0.12103348689122503,0.12519572444947527,0.12070488918925788,0.12552432215144244,no reading,estimate
36,3,0.1,P1x,P1,300,2.6838732631348408,0.20953580128770447,2.4743374618471363,2.3024399542226317,2.6410176830179264,2.2731941225108376,2.675681193769943,b well below a,estimate
36,3,0.1,L_param_true,L_param_P1,300,2.30346665682423,0.3778873572621958,1.9255792995620342,1.7724036424883245,2.08131351227232,1.7445551559824406,2.1151671182628697,b well below a,estimate
36,3,0.1,L_range,L0,300,0.9911602017001767,0.43856839955879184,0.5525918021413849,0.5039374357367855,0.6050633785171688,0.4961825299703615,0.6178814272080698,b well below a,estimate
36,3,0.1,L_ft,L0,100,0.21293131087469813,0.4179762769021853,-0.20504496602748717,-0.22706101205928458,-0.18368611539962384,-0.2306838017234722,-0.17940613033150202,no reading,estimate
36,3,0.3,P1,L_range,300,0.4559840777630496,1.8044395140688156,-1.3484554363057661,-1.4501071354092967,-1.2531347195934686,-1.4734676937049767,-1.2334435023030885,a well below b,estimate
36,3,0.3,P1,L_ft,100,0.4452498861654568,0.518198576002159,-0.07294868983670222,-0.10416547152357904,-0.04302986907259524,-0.11106602326488879,-0.038758098947022694,no reading,estimate
36,3,0.3,L_param_P1,L_range,300,1.1638930603675632,1.8044395140688156,-0.6405464537012524,-0.7119671642238075,-0.5761303508589634,-0.7256724267100192,-0.564530851979524,a well below b,estimate
36,3,0.3,L_param_P1,L_ft,100,1.1201895660059353,0.518198576002159,0.6019909900037763,0.506352628846244,0.7094752983172237,0.49453132651797677,0.7295115431946689,b well below a,estimate
36,3,0.3,O,P1,300,3.6948491576243807,0.4559840777630496,3.238865079861331,3.03173611263618,3.459759893475165,2.9963531388210893,3.4930950687446516,b well below a,estimate
36,3,0.3,O,L_param_P1,300,3.6948491576243807,1.1638930603675632,2.5309560972568175,2.36090504299572,2.7122318282695894,2.330215620539526,2.7485457515765703,b well below a,estimate
36,3,0.3,P1,P0,300,0.4559840777630496,0.2824844911244066,0.173499586638643,0.16659903489733324,0.18029608244099646,0.165391438342604,0.18182406175514348,no reading,estimate
36,3,0.3,P1x,P1,300,3.6797336633338924,0.4559840777630496,3.2237495855708427,3.0221344582600724,3.4381395918198687,2.98559181366663,3.4719197133173108,b well below a,estimate
36,3,0.3,L_param_true,L_param_P1,300,3.337631256684111,1.1638930603675632,2.1737381963165476,1.9994164756674861,2.3456245819484898,1.9652214591881718,2.376058209297794,b well below a,estimate
36,3,0.3,L_range,L0,300,1.8044395140688156,1.0262106232433368,0.7782288908254789,0.7060414523316669,0.8608219232149161,0.6916844710698866,0.8757128757423929,b well below a,estimate
36,3,0.3,L_ft,L0,100,0.518198576002159,0.987436094411216,-0.46923751840905703,-0.5428598335347916,-0.40217072743756627,-0.5609409220855329,-0.3900454722349796,a well below b,estimate
36,6,0.1,P1,L_range,300,0.21775074383688264,1.2706873135068792,-1.0529365696699966,-1.1277527897795452,-0.9822825871186983,-1.141113024678692,-0.9688073430238633,a well below b,estimate
36,6,0.1,P1,L_ft,100,0.21818887410617216,0.3016526904058224,-0.08346381629965022,-0.0998937013980066,-0.06834832200916241,-0.10285108071571072,-0.06539094269145829,approximately equal,estimate
36,6,0.1,L_param_P1,L_range,300,0.3051577325601384,1.2706873135068792,-0.9655295809467408,-1.0368462355303398,-0.9006698712067963,-1.050422797249948,-0.8865401700222099,a well below b,estimate
36,6,0.1,L_param_P1,L_ft,100,0.3039528743195923,0.3016526904058224,0.0023001839137699043,-0.013160337963783448,0.018730069012126153,-0.01610128739638922,0.02234464373376455,approximately equal,estimate
36,6,0.1,O,P1,300,2.7764250485569186,0.21775074383688264,2.5586743047200358,2.3791377019785633,2.7328774728866767,2.3440279233450596,2.7655205858288308,b well below a,estimate
36,6,0.1,O,L_param_P1,300,2.7764250485569186,0.3051577325601384,2.4712673159967804,2.300973820728047,2.639437011347325,2.264365217565593,2.672767272413595,b well below a,estimate
36,6,0.1,P1,P0,300,0.21775074383688264,0.08685932588664386,0.1308914179502388,0.12869528997542515,0.1330820692966863,0.1282626363345018,0.13352019956597583,no reading,estimate
36,6,0.1,P1x,P1,300,2.7630620753435893,0.21775074383688264,2.5453113315067064,2.3657093396589377,2.719701506491563,2.328689103547341,2.751173668483317,b well below a,estimate
36,6,0.1,L_param_true,L_param_P1,300,2.337969415530778,0.3051577325601384,2.0328116829706397,1.8739396996782294,2.196125549339634,1.8465354527879394,2.2276866063399026,b well below a,estimate
36,6,0.1,L_range,L0,300,1.2706873135068792,0.44262110454971987,0.8280662089571593,0.7660652992243289,0.8958887746431744,0.7530336620271489,0.9076991237147095,b well below a,estimate
36,6,0.1,L_ft,L0,100,0.3016526904058224,0.42421963323956063,-0.12256694283373826,-0.14294000035570015,-0.10449406922554627,-0.1462424072604698,-0.10055089680194085,no reading,estimate
36,6,0.3,P1,L_range,300,0.4753713421791101,2.1394996375079622,-1.664128295328852,-1.7789239025110686,-1.5553131663224389,-1.796446374968465,-1.5353097812151895,a well below b,estimate
36,6,0.3,P1,L_ft,100,0.4616797712638131,0.7616894731598001,-0.30000970189598697,-0.35389972501859557,-0.2536774259186221,-0.36212288251032304,-0.24446847532099317,a well below b,estimate
36,6,0.3,L_param_P1,L_range,300,1.0955447383584007,2.1394996375079622,-1.0439548991495615,-1.1288590687095015,-0.9617999970294142,-1.1461515227755212,-0.950299077460565,a well below b,estimate
36,6,0.3,L_param_P1,L_ft,100,1.0672853359892278,0.7616894731598001,0.30559586282942774,0.21556009249043495,0.4035508377858285,0.20274478211371716,0.4219194493257906,b well below a,estimate
36,6,0.3,O,P1,300,3.7234371576955207,0.4753713421791101,3.248065815516411,3.0364870912625697,3.4527994151807966,2.9944620991272415,3.4931186379020924,b well below a,estimate
36,6,0.3,O,L_param_P1,300,3.7234371576955207,1.0955447383584007,2.62789241933712,2.451582204533921,2.802861338247854,2.424636648141377,2.8373015410865503,b well below a,estimate
36,6,0.3,P1,P0,300,0.4753713421791101,0.28270355625905147,0.19266778592005862,0.18478144107284755,0.20153992387317105,0.18324798513033436,0.20340197751765143,no reading,estimate
36,6,0.3,P1x,P1,300,3.6931707362472133,0.4753713421791101,3.2177993940681033,3.0066864855092232,3.428397963542674,2.9691508100944923,3.4680553684671707,b well below a,estimate
36,6,0.3,L_param_true,L_param_P1,300,3.3314587660813983,1.0955447383584007,2.2359140277229974,2.069885687026041,2.4096302399471594,2.0344680326172933,2.439800025982855,b well below a,estimate
36,6,0.3,L_range,L0,300,2.1394996375079622,1.0429691060436603,1.096530531464302,1.0071410032725114,1.191725285724179,0.9930113020879245,1.2060685754150442,b well below a,estimate
36,6,0.3,L_ft,L0,100,0.7616894731598001,1.034096968090548,-0.272407494930748,-0.3479849663831872,-0.20141396142075058,-0.362780077914257,-0.18860686598658147,a well below b,estimate
36,11,0.1,P1,L_range,300,0.2182984066734946,1.4580975361954638,-1.2397991295219692,-1.3191061848917356,-1.1625677163029622,-1.3307303285988228,-1.14986467680775,a well below b,estimate
36,11,0.1,P1,L_ft,100,0.21490289708650084,0.41600469069038254,-0.2011017936038817,-0.22574662125141615,-0.17842855216814993,-0.23101239942543936,-0.17284239123470874,no reading,estimate
36,11,0.1,L_param_P1,L_range,300,0.25959218455403016,1.4580975361954638,-1.1985053516414337,-1.2727684322860042,-1.1269751085515562,-1.2871199369194186,-1.1149292644602784,a well below b,estimate
36,11,0.1,L_param_P1,L_ft,100,0.2569634029382932,0.41600469069038254,-0.15904128775208937,-0.17875714987011684,-0.13965402333602897,-0.18237172459175527,-0.13538225321045633,no reading,estimate
36,11,0.1,O,P1,300,2.822064696263018,0.2182984066734946,2.6037662895895233,2.4253068109928106,2.783120068555015,2.3873904255387193,2.822299860848664,b well below a,estimate
36,11,0.1,O,L_param_P1,300,2.822064696263018,0.25959218455403016,2.5624725117089877,2.3886034178726807,2.7370372708958013,2.3511060753377313,2.77085249834526,b well below a,estimate
36,11,0.1,P1,P0,300,0.2182984066734946,0.08631166305003198,0.13198674362346263,0.1295770271423703,0.1343964601045548,0.1291388968730808,0.1349441229411667,no reading,estimate
36,11,0.1,P1x,P1,300,2.786466611883246,0.2182984066734946,2.5681682052097514,2.388297057118275,2.7505157595123126,2.3542497443877983,2.780318931325229,b well below a,estimate
36,11,0.1,L_param_true,L_param_P1,300,2.3266875610965734,0.25959218455403016,2.067095376542543,1.9255672073798722,2.211752936127741,1.8933031207204105,2.236394529809947,b well below a,estimate
36,11,0.1,L_range,L0,300,1.4580975361954638,0.44809773291583854,1.0099998032796251,0.941651481270463,1.0794489275903776,0.9287184233838734,1.0949970755217888,b well below a,estimate
36,11,0.1,L_ft,L0,100,0.41600469069038254,0.4268484148552977,-0.010843724164915136,-0.0309046138700083,0.009529333357046702,-0.03614574721638376,0.015123709233037049,approximately equal,estimate
36,11,0.3,P1,L_range,300,0.4928965529506902,2.3404918985445216,-1.8475953455938314,-1.9616625612033536,-1.7331338127419493,-1.989675515296051,-1.7108932249471405,a well below b,estimate
36,11,0.3,P1,L_ft,100,0.48533880580544625,1.0462550830633317,-0.5609162772578855,-0.6312361854788504,-0.49421094375855873,-0.6453741016059864,-0.480722008092808,a well below b,estimate
36,11,0.3,L_param_P1,L_range,300,1.0287298722917517,2.3404918985445216,-1.3117620262527698,-1.401693740652807,-1.223473300362569,-1.4231867686756399,-1.2093435991779828,a well below b,estimate
36,11,0.3,L_param_P1,L_ft,100,1.0104379335489149,1.0462550830633317,-0.035817149514416835,-0.11960956351603413,0.055237273700674154,-0.13177589343136695,0.07591428409695536,no reading,estimate
36,11,0.3,O,P1,300,3.7660453263839244,0.4928965529506902,3.2731487734332343,3.067848500912439,3.4821465645173624,3.021930543499524,3.5178999348705835,b well below a,estimate
36,11,0.3,O,L_param_P1,300,3.7660453263839244,1.0287298722917517,2.7373154540921725,2.557659504452075,2.9133012612732023,2.5295479675300054,2.948946789853334,b well below a,estimate
36,11,0.3,P1,P0,300,0.4928965529506902,0.28620859841336743,0.20668795453732275,0.19824847022513367,0.21556556911880134,0.19628236064169707,0.21742214613491556,no reading,estimate
36,11,0.3,P1x,P1,300,3.750382169256824,0.4928965529506902,3.257485616306134,3.0460333255243857,3.4703964618766374,3.0004312092442986,3.509923946259967,b well below a,estimate
36,11,0.3,L_param_true,L_param_P1,300,3.3118170036633616,1.0287298722917517,2.2830871313716097,2.122951649834162,2.4423763156470084,2.101002068578868,2.478750052988875,b well below a,estimate
36,11,0.3,L_range,L0,300,2.3404918985445216,1.051512646294806,1.2889792522497157,1.194304777684621,1.390630951353247,1.1793344140458348,1.4100319073402225,b well below a,estimate
36,11,0.3,L_ft,L0,100,1.0462550830633317,1.0485552669771014,-0.0023001839137697377,-0.0755774714524392,0.07031990822096514,-0.09004398528154207,0.08346381629965016,approximately equal,estimate
36,23,0.1,P1,L_range,300,0.167694360570557,1.5130828849912965,-1.3453885244207395,-1.415500320763792,-1.2781245748280687,-1.4289673499160782,-1.2640030885860314,a well below b,estimate
36,23,0.1,P1,L_ft,100,0.1682420234071689,0.6447086912595027,-0.4764666678523338,-0.5352856565044495,-0.4307915872789032,-0.5454721852654304,-0.4225684297871759,a well below b,estimate
36,23,0.1,L_param_P1,L_range,300,0.17098033759022832,1.5130828849912965,-1.3421025474010682,-1.4137477996866343,-1.2742909349717852,-1.4267849135121797,-1.2606048406848547,a well below b,estimate
36,23,0.1,L_param_P1,L_ft,100,0.17382818434061012,0.6447086912595027,-0.4708805069188926,-0.5310303162639752,-0.4225766447297251,-0.5425230208902755,-0.41469029988251394,a well below b,estimate
36,23,0.1,O,P1,300,2.738310949094061,0.167694360570557,2.570616588523504,2.394733065638064,2.7472839019832365,2.3616243549168745,2.7754469993738957,b well below a,estimate
36,23,0.1,O,L_param_P1,300,2.738310949094061,0.17098033759022832,2.5673306115038326,2.39162942026201,2.7435118127002402,2.360450173519928,2.7706072628057825,b well below a,estimate
36,23,0.1,P1,P0,300,0.167694360570557,0.08762605385790048,0.08006830671265652,0.07513934118314967,0.08499727224216345,0.07437261321189303,0.08598306534806485,approximately equal,estimate
36,23,0.1,P1x,P1,300,2.6641541670514837,0.167694360570557,2.4964598064809267,2.3255110561874566,2.6708978369493734,2.2896281871326463,2.706403785317738,b well below a,estimate
36,23,0.1,L_param_true,L_param_P1,300,2.357794810216128,0.17098033759022832,2.1868144726259,2.0220477038699127,2.354542803741826,1.995880591452522,2.3801700464255773,b well below a,estimate
36,23,0.1,L_range,L0,300,1.5130828849912965,0.4468928746752924,1.0661900103160042,1.0056075473299981,1.1312523553054952,0.9921350415493458,1.140784426976725,b well below a,estimate
36,23,0.1,L_ft,L0,100,0.6447086912595027,0.45083604709889796,0.19387264416060473,0.1514835406068455,0.24119071324387104,0.1442461762210195,0.25204265235133533,no reading,estimate
36,23,0.3,P1,L_range,300,0.5005638326632564,2.381676143857735,-1.8811123111944787,-1.9920907084055095,-1.774427590622485,-2.0119106264624933,-1.756226016247689,a well below b,estimate
36,23,0.3,P1,L_ft,100,0.49848271388413123,1.3051900722134278,-0.8067073583292965,-0.9006863010918947,-0.7258723236453832,-0.9174447838922177,-0.7123833879796325,a well below b,estimate
36,23,0.3,L_param_P1,L_range,300,0.7982733506454733,2.381676143857735,-1.5834027932122618,-1.6762918869300025,-1.4919266696129798,-1.6946933582401613,-1.4756200086528615,a well below b,estimate
36,23,0.3,L_param_P1,L_ft,100,0.7449309903594766,1.3051900722134278,-0.5602590818539511,-0.6388103625091929,-0.4879675874211833,-0.6555770602520655,-0.4718498701396954,a well below b,estimate
36,23,0.3,O,P1,300,3.727415762986457,0.5005638326632564,3.2268519303232006,3.014516137768705,3.436213084070869,2.977351646270743,3.4765260850105446,b well below a,estimate
36,23,0.3,O,L_param_P1,300,3.727415762986457,0.7982733506454733,2.9291424123409833,2.737496210978512,3.1167214192066264,2.6999934480328545,3.154685487889695,b well below a,estimate
36,23,0.3,P1,P0,300,0.5005638326632564,0.29037083597161767,0.21019299669163877,0.19967239360032465,0.22180892545617673,0.19781307827002725,0.22454176301086998,no reading,estimate
36,23,0.3,P1x,P1,300,3.61879812303532,0.5005638326632564,3.1182342903720635,2.911172652632406,3.3236796900257795,2.8672102873780445,3.3593148945483335,b well below a,estimate
36,23,0.3,L_param_true,L_param_P1,300,3.258039747073404,0.7982733506454733,2.4597663964279306,2.290094340299268,2.627164519896789,2.2621441143290344,2.6560601004968976,b well below a,estimate
36,23,0.3,L_range,L0,300,2.381676143857735,1.01481923624181,1.3668569076159252,1.275698428461878,1.4621721476998564,1.2587427870403742,1.483311933193075,b well below a,estimate
36,23,0.3,L_ft,L0,100,1.3051900722134278,0.9788925541600706,0.32629751805335716,0.25002999142678667,0.4091534286043684,0.24053351783993715,0.42357886772072467,b well below a,estimate
40,3,0.1,P1,L_range,300,0.37891238062273397,2.2579964770822176,-1.8790840964594837,-1.9747134309899677,-1.7863935859772626,-1.9911561515400005,-1.7668161197757497,a well below b,estimate
40,3,0.1,P1,L_ft,100,0.3785205374162989,0.37264288931977246,0.005877648096526411,-0.009992001764094871,0.02115953314749497,-0.012945519932599419,0.02409835719575809,approximately equal,estimate
40,3,0.1,L_param_P1,L_range,300,0.5799279455239361,2.2579964770822176,-1.6780685315582815,-1.7633238171983965,-1.5951545090766162,-1.7779983452793906,-1.5765713450114318,a well below b,estimate
40,3,0.1,L_param_P1,L_ft,100,0.5677808061244484,0.37264288931977246,0.1951379168046759,0.16398638189308595,0.22749436957605362,0.15869649860621216,0.23393039424174983,no reading,estimate
40,3,0.1,O,P1,300,3.4045830206839978,0.37891238062273397,3.025670640061264,2.878718308528626,3.181298238122989,2.855917760927212,3.2182805016647746,b well below a,estimate
40,3,0.1,O,L_param_P1,300,3.4045830206839978,0.5799279455239361,2.8246550751600616,2.688121712425147,2.9696793153697656,2.670022445754324,3.0053557403935525,b well below a,estimate
40,3,0.1,P1,P0,300,0.37891238062273397,0.2409835719575816,0.13792880866515236,0.1344022198072366,0.14106355431663314,0.1338144549975839,0.14184724072950325,no reading,estimate
40,3,0.1,P1x,P1,300,3.369904896914492,0.37891238062273397,2.990992516291758,2.8467509715095507,3.145399664826824,2.822012023424126,3.1741276170967017,b well below a,estimate
40,3,0.1,L_param_true,L_param_P1,300,2.99387801876732,0.5799279455239361,2.413950073243384,2.2724652874798337,2.5622725229592276,2.2415145722115413,2.588330096187161,b well below a,estimate
40,3,0.1,L_range,L0,300,2.2579964770822176,2.912374631828821,-0.6543781547466034,-0.7423469545912811,-0.5677710100442868,-0.7621448325964142,-0.5516907444602082,a well below b,estimate
40,3,0.1,L_ft,L0,100,0.37264288931977246,2.9940739403705385,-2.621431051050766,-2.8877178980638925,-2.3739820661870055,-2.9447163904799574,-2.3351748946296897,a well below b,estimate
40,3,0.3,P1,L_range,300,0.7760454703446997,3.3290998818725415,-2.5530544115278415,-2.678267908144175,-2.43255282946889,-2.7005833787506544,-2.4094389783293004,a well below b,estimate
40,3,0.3,P1,L_ft,100,0.7687963710256506,0.8346260297067459,-0.06582965868109536,-0.1028882299296944,-0.031151534911589833,-0.11285084345330643,-0.024098357195758147,no reading,estimate
40,3,0.3,L_param_P1,L_range,300,1.595389615000477,3.3290998818725415,-1.7337102668720645,-1.836598496801759,-1.6347600611670428,-1.8538151076845002,-1.6122290767970249,a well below b,estimate
40,3,0.3,L_param_P1,L_ft,100,1.6333984060246811,0.8346260297067459,0.7987723763179352,0.6759295311005338,0.923966280773947,0.6518164797845343,0.9486524027793576,b well below a,estimate
40,3,0.3,O,P1,300,4.676274190283974,0.7760454703446997,3.900228719939274,3.7194680986242434,4.090118639032815,3.68766374755537,4.141049262159388,b well below a,estimate
40,3,0.3,O,L_param_P1,300,4.676274190283974,1.595389615000477,3.0808845752834966,2.932663462754824,3.238076818716831,2.9032105084897957,3.2732631152668596,b well below a,estimate
40,3,0.3,P1,P0,300,0.7760454703446997,0.6242062278511015,0.15183924249359826,0.14379666068151783,0.16026387143195253,0.14204316233272085,0.16183614229777343,no reading,estimate
40,3,0.3,P1x,P1,300,4.617524370105062,0.7760454703446997,3.8414788997603617,3.662904172536982,4.029090980225798,3.632254390711316,4.07551793221778,b well below a,estimate
40,3,0.3,L_param_true,L_param_P1,300,4.219305029221606,1.595389615000477,2.6239154142211287,2.4721863140094875,2.7786100606428796,2.4427813798476388,2.802972227895094,b well below a,estimate
40,3,0.3,L_range,L0,300,3.3290998818725415,4.232601037454048,-0.9035011555815062,-1.025809618937453,-0.7884279963464951,-1.050943742827608,-0.7717738225263739,a well below b,estimate
40,3,0.3,L_ft,L0,100,0.8346260297067459,4.38194662067852,-3.547320590971774,-3.9035900470982763,-3.1974191745057734,-3.983506854891925,-3.129847611400298,a well below b,estimate
40,6,0.1,P1,L_range,300,0.3916472848318744,2.243694200047337,-1.8520469152154626,-1.9419749310923156,-1.759356404733241,-1.964324687979357,-1.742276938972752,a well below b,estimate
40,6,0.1,P1,L_ft,100,0.39556571689622544,0.4496400793842681,-0.05407436248804265,-0.07288283639692705,-0.03702918300811625,-0.0764094252548429,-0.03409035895985296,approximately equal,estimate
40,6,0.1,L_param_P1,L_range,300,0.47726502543794214,2.243694200047337,-1.766429174609395,-1.847942357628055,-1.6843282267810822,-1.8673336983065114,-1.6662985412449878,a well below b,estimate
40,6,0.1,L_param_P1,L_ft,100,0.4737384365800263,0.4496400793842681,0.024098357195758202,0.003526588857915902,0.04408236072394783,0.0005730706894112461,0.047608949581863735,approximately equal,estimate
40,6,0.1,O,P1,300,3.3526637958313485,0.3916472848318744,2.961016510999474,2.8063431932068026,3.1204497327649565,2.780308777139954,3.1493180968911747,b well below a,estimate
40,6,0.1,O,L_param_P1,300,3.3526637958313485,0.47726502543794214,2.8753987703934065,2.729000412882545,3.0280230323391915,2.704105736088148,3.0554414231628564,b well below a,estimate
40,6,0.1,P1,P0,300,0.3916472848318744,0.24196317997366928,0.1496841048582051,0.14596159439707176,0.1534066153193385,0.14537382958741912,0.1539992781690716,no reading,estimate
40,6,0.1,P1x,P1,300,3.3142365008143586,0.3916472848318744,2.9225892159824842,2.7778440106186224,3.0726496323802523,2.752920441076431,3.0966116820003884,b well below a,estimate
40,6,0.1,L_param_true,L_param_P1,300,2.891411020284544,0.47726502543794214,2.414145994846602,2.284249971913369,2.5464028730986064,2.254665809827519,2.5657991118171433,b well below a,estimate
40,6,0.1,L_range,L0,300,2.243694200047337,2.919819652751088,-0.6761254527037508,-0.7629579072497676,-0.5867754055563896,-0.782927216657716,-0.5716747479883975,a well below b,estimate
40,6,0.1,L_ft,L0,100,0.4496400793842681,2.994073940370537,-2.544433860986269,-2.795438822948429,-2.31050346674452,-2.8477351968872733,-2.2758253429750144,a well below b,estimate
40,6,0.3,P1,L_range,300,0.7832945696637489,3.363778005642047,-2.5804834359782984,-2.7080969722340473,-2.4534772566925245,-2.7300108035539297,-2.4300107466671426,a well below b,estimate
40,6,0.3,P1,L_ft,100,0.7793761375993981,1.1049978421469595,-0.32562170454756145,-0.39559510513670804,-0.2603798106761186,-0.40732101308927793,-0.2498000441023711,a well below b,estimate
40,6,0.3,L_param_P1,L_range,300,1.4592241007642826,3.363778005642047,-1.9045539048777647,-2.0133295789841466,-1.7967774309477926,-2.0350376926206497,-1.776210560650031,a well below b,estimate
40,6,0.3,L_param_P1,L_ft,100,1.5205475625713745,1.1049978421469595,0.41554972042441496,0.3208901978298576,0.514323596686541,0.3044327831595838,0.536056200523447,b well below a,estimate
40,6,0.3,O,P1,300,4.58248106391547,0.7832945696637489,3.799186494251721,3.6172605428269873,3.986178352158948,3.589676285160247,4.022509628075453,b well below a,estimate
40,6,0.3,O,L_param_P1,300,4.58248106391547,1.4592241007642826,3.1232569631511873,2.976199260136968,3.2797637616517075,2.9413701346716006,3.3099674184006123,b well below a,estimate
40,6,0.3,P1,P0,300,0.7832945696637489,0.6202877957867505,0.16300677387699836,0.15437642725526532,0.1722150892282227,0.15300987407282293,0.17378246205396342,no reading,estimate
40,6,0.3,P1x,P1,300,4.589560902417653,0.7832945696637489,3.8062663327539044,3.6228823791029634,3.996051748600241,3.5914269464034363,4.034038776878175,b well below a,estimate
40,6,0.3,L_param_true,L_param_P1,300,4.116472848318745,1.4592241007642826,2.6572487475544624,2.5100061906810063,2.8146915672030315,2.475718033309953,2.8435406988110996,b well below a,estimate
40,6,0.3,L_range,L0,300,3.363778005642047,4.131505490193795,-0.7677274845517474,-0.8686973578631705,-0.6650605653478003,-0.8886713942842277,-0.6480329170937225,a well below b,estimate
40,6,0.3,L_ft,L0,100,1.1049978421469595,4.250875068125981,-3.1458772259790218,-3.4393746107229464,-2.8794770092484074,-3.503505566006486,-2.830072864357211,a well below b,estimate
40,11,0.1,P1,L_range,300,0.38322265589352,2.250943299366386,-1.867720643472866,-1.9590494988127254,-1.7789583611351563,-1.9737142308135582,-1.7634707584008098,a well below b,estimate
40,11,0.1,P1,L_ft,100,0.38145936146456205,0.5701318653630589,-0.18867250389849688,-0.22041180361973928,-0.15928426341586488,-0.22628945171626552,-0.15340661531933858,no reading,estimate
40,11,0.1,L_param_P1,L_range,300,0.393998344070485,2.250943299366386,-1.8569449552959008,-1.9433561783949995,-1.7736782739284436,-1.9552976001111086,-1.7607425500760054,a well below b,estimate
40,11,0.1,L_param_P1,L_ft,100,0.404382189041015,0.5701318653630589,-0.1657496763220439,-0.19572568161432835,-0.13636143583941196,-0.2004424942117909,-0.13162992912170837,no reading,estimate
40,11,0.1,O,P1,300,3.4595836696154274,0.38322265589352,3.0763610137219075,2.9213576373363455,3.2388192071098962,2.8841619209654947,3.269152769328053,b well below a,estimate
40,11,0.1,O,L_param_P1,300,3.4595836696154274,0.393998344070485,3.0655853255449426,2.917635126875212,3.2191976585476594,2.8862876703604052,3.251514926998393,b well below a,estimate
40,11,0.1,P1,P0,300,0.38322265589352,0.23843659111575344,0.14478606477776657,0.14067171111019805,0.14890041844533486,0.1398880246973278,0.14948818325498756,no reading,estimate
40,11,0.1,P1x,P1,300,3.43707934603176,0.38322265589352,3.05385669013824,2.8960935466014432,3.218278502105798,2.8649616038501753,3.254511304139779,b well below a,estimate
40,11,0.1,L_param_true,L_param_P1,300,2.907111409328298,0.393998344070485,2.513113065257813,2.383587960331375,2.646804512385202,2.3596406048314806,2.670664260031833,b well below a,estimate
40,11,0.1,L_range,L0,300,2.250943299366386,2.925893222450832,-0.674949923084446,-0.7688061671058112,-0.5899003551277091,-0.7870366722852041,-0.574633164196982,a well below b,estimate
40,11,0.1,L_ft,L0,100,0.5701318653630589,3.093406193201834,-2.523274327838775,-2.7660211942253143,-2.2846418151198047,-2.8143501556990023,-2.2398835248647564,a well below b,estimate
40,11,0.3,P1,L_range,300,0.802298965175851,3.4041378559048616,-2.6018388907290104,-2.735467220203538,-2.4821209950829295,-2.7560487846215413,-2.4587916301798005,a well below b,estimate
40,11,0.3,P1,L_ft,100,0.8175808502268196,1.409460013547026,-0.5918791633202065,-0.6929747105804602,-0.5031266770626582,-0.7135611730385437,-0.48902032163099474,a well below b,estimate
40,11,0.3,L_param_P1,L_range,300,1.3551897294557655,3.4041378559048616,-2.048948126449096,-2.1528061683147173,-1.9514869249285274,-2.1727754777226655,-1.9331192746268835,a well below b,estimate
40,11,0.3,L_param_P1,L_ft,100,1.4270929578366052,1.409460013547026,0.017632944289579067,-0.08875248625754818,0.1228722334578839,-0.11055856069566102,0.14047578950698036,no reading,estimate
40,11,0.3,O,P1,300,4.69594633296478,0.802298965175851,3.8936473677889296,3.7116574656534134,4.085093434036775,3.670800957570765,4.122100683271649,b well below a,estimate
40,11,0.3,O,L_param_P1,300,4.69594633296478,1.3551897294557655,3.340756603509015,3.1909645224660905,3.5038828509431936,3.1588544757650237,3.531581412426008,b well below a,estimate
40,11,0.3,P1,P0,300,0.802298965175851,0.6091202644033505,0.19317870077250043,0.18240301259553537,0.204542153759118,0.18063971816657742,0.206114424624939,no reading,estimate
40,11,0.3,P1x,P1,300,4.657180516314057,0.802298965175851,3.854881551138206,3.6710426366279685,4.051127109108949,3.6384340421995676,4.085237665373286,b well below a,estimate
40,11,0.3,L_param_true,L_param_P1,300,4.214576249958034,1.3551897294557655,2.8593865205022686,2.7187316740982594,3.008791222261648,2.6907713810816927,3.0403147713281724,b well below a,estimate
40,11,0.3,L_range,L0,300,3.4041378559048616,4.206739385829332,-0.8026015299244702,-0.9263999884502442,-0.6875350972615444,-0.9516978699730227,-0.6679837963536941,a well below b,estimate
40,11,0.3,L_ft,L0,100,1.409460013547026,4.4118426436117515,-3.0023826300647256,-3.317453956279023,-2.6971939350149903,-3.3720674890171263,-2.649618372791563,a well below b,estimate
40,23,0.1,P1,L_range,300,0.2772290685528276,2.2199876860580137,-1.942758617505186,-2.028180436508036,-1.8604715441538167,-2.04150800356691,-1.8471047927743,a well below b,estimate
40,23,0.1,P1,L_ft,100,0.28741699192014,0.8775328608113885,-0.5901158688912485,-0.6453657609985965,-0.5354537415935532,-0.6588843516206073,-0.5266225753285223,a well below b,estimate
40,23,0.1,L_param_P1,L_range,300,0.24215910157688683,2.2199876860580137,-1.9778285844811268,-2.064817776309717,-1.8939741383040174,-2.0793257710279764,-1.8784914336097505,a well below b,estimate
40,23,0.1,L_param_P1,L_ft,100,0.25215110334098173,0.8775328608113885,-0.6253817574704068,-0.6812194143874075,-0.5712780067418816,-0.6929747105804601,-0.5642542172665326,a well below b,estimate
40,23,0.1,O,P1,300,3.4433488373347214,0.2772290685528276,3.166119768781894,3.0058363051896198,3.3315025875905913,2.9809738537413133,3.3706632555803293,b well below a,estimate
40,23,0.1,O,L_param_P1,300,3.4433488373347214,0.24215910157688683,3.2011897357578345,3.0408012427379227,3.3677720788935526,3.013848832241558,3.4051707854936506,b well below a,estimate
40,23,0.1,P1,P0,300,0.2772290685528276,0.2354977670674903,0.0417313014853373,0.03350259415020035,0.04937224401082155,0.03213114292767752,0.05054777363012691,approximately equal,estimate
40,23,0.1,P1x,P1,300,3.3107365727427935,0.2772290685528276,3.033507504189966,2.8849219547245935,3.1908366120671046,2.8634077017568336,3.2226510574828153,b well below a,estimate
40,23,0.1,L_param_true,L_param_P1,300,2.9799942457252255,0.24215910157688683,2.7378351441483386,2.582203485593163,2.8943903616927673,2.556375949222038,2.930074087745053,b well below a,estimate
40,23,0.1,L_range,L0,300,2.2199876860580137,3.0017415436823724,-0.7817538576243588,-0.8989007777208972,-0.673186628655488,-0.9185218307904476,-0.6577039239612212,a well below b,estimate
40,23,0.1,L_ft,L0,100,0.8775328608113885,2.9952494699898424,-2.117716609178454,-2.342242766465762,-1.9043579832745472,-2.399858411931963,-1.8626119876689688,a well below b,estimate
40,23,0.3,P1,L_range,300,0.8262014007683913,3.307548505518612,-2.4813471047502205,-2.5905048259828756,-2.3749518781229315,-2.6065557033264737,-2.3561532002942083,a well below b,estimate
40,23,0.3,P1,L_ft,100,0.8299239112295248,1.793858199059851,-0.9639342878303262,-1.0685858121889789,-0.869274765235769,-1.0873648978573804,-0.8557708687339993,a well below b,estimate
40,23,0.3,L_param_P1,L_range,300,1.0863852898412925,3.307548505518612,-2.2211632156773193,-2.315597428428176,-2.1312254037203044,-2.3326426079081024,-2.115154934216385,a well below b,estimate
40,23,0.3,L_param_P1,L_ft,100,1.1714152656377075,1.793858199059851,-0.6224429334221435,-0.7235678689228803,-0.5272250342584168,-0.7382326009237132,-0.5078141014196376,a well below b,estimate
40,23,0.3,O,P1,300,4.6653292412901415,0.8262014007683913,3.8391278405217504,3.6549943594987986,4.036396900254104,3.6234472191540004,4.069746878990676,b well below a,estimate
40,23,0.3,O,L_param_P1,300,4.6653292412901415,1.0863852898412925,3.5789439514488492,3.409964296127849,3.759152300034405,3.3807654041150923,3.7812596061818184,b well below a,estimate
40,23,0.3,P1,P0,300,0.8262014007683913,0.6244021494543192,0.20179925131407217,0.18671328786632135,0.21766890117469362,0.1845532521908477,0.22041670165981975,no reading,estimate
40,23,0.3,P1x,P1,300,4.542041231293604,0.8262014007683913,3.715839830525213,3.5409666533868696,3.8983748753886807,3.505971507639682,3.9379184104630944,b well below a,estimate
40,23,0.3,L_param_true,L_param_P1,300,4.257981567414513,1.0863852898412925,3.1715962775732205,3.000692187993294,3.3545018983895396,2.9661281749359496,3.389322731841037,b well below a,estimate
40,23,0.3,L_range,L0,300,3.307548505518612,4.2229382612249236,-0.9153897557063115,-1.05215242740288,-0.7902756756818987,-1.0753186705052926,-0.7690639829740489,a well below b,estimate
40,23,0.3,L_ft,L0,100,1.793858199059851,4.2527183449139905,-2.4588601458541395,-2.7201476507761164,-2.2126878788468223,-2.787548738287692,-2.165863058405828,a well below b,estimate
44,3,0.1,P1,L_range,300,0.5007940655139196,2.0569975280525683,-1.5562034625386487,-1.647955906476204,-1.4703329140993249,-1.6669663465015343,-1.451123847973292,a well below b,estimate
44,3,0.1,P1,L_ft,100,0.5051510251422393,0.44517875731713324,0.05997226782510606,0.04228813756898514,0.07688752285270006,0.03921263665487701,0.07996302376680797,approximately equal,estimate
44,3,0.1,L_param_P1,L_range,300,0.7422208872713977,2.0569975280525683,-1.3147766407811705,-1.3985968552777557,-1.232763283071624,-1.4188374956687293,-1.2207047565708917,a well below b,estimate
44,3,0.1,L_param_P1,L_ft,100,0.7288937166435965,0.44517875731713324,0.28371495932646323,0.2491155740427482,0.3191216636001317,0.24371422556234587,0.3252534435476343,b well below a,estimate
44,3,0.1,O,P1,300,3.7446786546693343,0.5007940655139196,3.2438845891554147,3.103180422334974,3.3851141540486824,3.0754880995208596,3.4102948177829413,b well below a,estimate
44,3,0.1,O,L_param_P1,300,3.7446786546693343,0.7422208872713977,3.0024577673979365,2.8704675198341354,3.1301551282691293,2.8458186614662737,3.1582895543396465,b well below a,estimate
44,3,0.1,P1,P0,300,0.5007940655139196,0.4349270876034399,0.06586697791047968,0.062278893510686995,0.06971135405311468,0.06151001828216002,0.07023034483237053,approximately equal,estimate
44,3,0.1,P1x,P1,300,3.7403216950410143,0.5007940655139196,3.2395276295270947,3.0918779564756274,3.3838326953344704,3.063942156505813,3.4130435467249254,b well below a,estimate
44,3,0.1,L_param_true,L_param_P1,300,3.2062097029575916,0.7422208872713977,2.4639888156861938,2.338123940776324,2.5898280614217795,2.3178961149724926,2.6152073512567413,b well below a,estimate
44,3,0.1,L_range,L0,300,2.0569975280525683,1.1943195216452738,0.8626780064072945,0.7927103606113375,0.9331838648632207,0.7827021680533441,0.9508487732386284,b well below a,estimate
44,3,0.1,L_ft,L0,100,0.44517875731713324,1.1479307161908117,-0.7027519588736784,-0.7635315456887378,-0.6404730653629913,-0.7750262303552165,-0.6312465626206674,a well below b,estimate
44,3,0.3,P1,L_range,300,1.0072265493703705,3.365366875262681,-2.35814032589231,-2.478866551358192,-2.2428090416132607,-2.5026952761489576,-2.2215047904894916,a well below b,estimate
44,3,0.3,P1,L_ft,100,1.0095331750559515,1.0425948098826123,-0.0330616348266608,-0.07996302376680808,0.009995377970851038,-0.0892279702705585,0.019221880713174988,approximately equal,estimate
44,3,0.3,L_param_P1,L_range,300,1.9109112346324386,3.365366875262681,-1.4544556406302422,-1.541095064298094,-1.368072508705234,-1.5600734678555672,-1.353982870142477,a well below b,estimate
44,3,0.3,L_param_P1,L_ft,100,1.8683668053206108,1.0425948098826123,0.8257719954379985,0.6958320818169357,0.9595947289631233,0.6743035754181799,0.9818728887096926,b well below a,estimate
44,3,0.3,O,P1,300,5.0772164595257765,1.0072265493703705,4.069989910155406,3.9005538982859567,4.241266184516241,3.863381544603254,4.271439035146363,b well below a,estimate
44,3,0.3,O,L_param_P1,300,5.0772164595257765,1.9109112346324386,3.166305224893338,3.0184526214482057,3.3172618317656632,2.9958031815542956,3.3416918329411187,b well below a,estimate
44,3,0.3,P1,P0,300,1.0072265493703705,0.932389360460409,0.0748371889099615,0.06842989533890309,0.08125729706816198,0.06739832107396249,0.08252594119523138,approximately equal,estimate
44,3,0.3,P1x,P1,300,5.053622212420451,1.0072265493703705,4.04639566305008,3.870297887705227,4.218154758869247,3.83794801907394,4.2553148545737915,b well below a,estimate
44,3,0.3,L_param_true,L_param_P1,300,4.47566892554716,1.9109112346324386,2.564757690914721,2.4309313137126036,2.703455151907224,2.4073520882020136,2.7301092794336217,b well below a,estimate
44,3,0.3,L_range,L0,300,3.365366875262681,2.407092048775196,0.958274826487485,0.8775429274921502,1.0359312245687122,0.8644656413136198,1.0497902005629116,b well below a,estimate
44,3,0.3,L_ft,L0,100,1.0425948098826123,2.3958152120901333,-1.353220402207521,-1.5093405173599281,-1.1994453565021208,-1.5393074293917681,-1.1725155016229623,a well below b,estimate
44,6,0.1,P1,L_range,300,0.5097642765134013,2.3030376011812086,-1.7932733246678074,-1.8948032985947973,-1.6950751433977667,-1.9148004618300707,-1.679197869928684,a well below b,estimate
44,6,0.1,P1,L_ft,100,0.5082265260563473,0.5812696727664124,-0.07304314671006507,-0.0984160292514561,-0.04920801462572799,-0.10226040539409109,-0.04459476325456602,approximately equal,estimate
44,6,0.1,L_param_P1,L_range,300,0.6107432231932808,2.3030376011812086,-1.6922943779879278,-1.788916365039487,-1.5992476607490183,-1.80715152254272,-1.584651845994148,a well below b,estimate
44,6,0.1,L_param_P1,L_ft,100,0.5958783021084254,0.5812696727664124,0.014608629342013013,-0.012302003656432081,0.03921263665487695,-0.016915255027593838,0.04382588802603882,approximately equal,estimate
44,6,0.1,O,P1,300,3.7795343316958916,0.5097642765134013,3.2697700551824904,3.1247089287337304,3.4066298458602957,3.096984569451761,3.438929012752001,b well below a,estimate
44,6,0.1,O,L_param_P1,300,3.7795343316958916,0.6107432231932808,3.168791108502611,3.0313802905776934,3.296936979923778,3.007545158493357,3.3313313318132183,b well below a,estimate
44,6,0.1,P1,P0,300,0.5097642765134013,0.43133900320364715,0.07842527330975413,0.07483718890996138,0.08201335770954671,0.07406831368143446,0.08252594119523149,approximately equal,estimate
44,6,0.1,P1x,P1,300,3.7464726968692306,0.5097642765134013,3.2367084203558294,3.090353020605714,3.372299566906566,3.0701187875083127,3.3990115738043074,b well below a,estimate
44,6,0.1,L_param_true,L_param_P1,300,3.14675001861817,0.6107432231932808,2.536006795424889,2.4101291059278775,2.6633966062046714,2.3882994567312825,2.6828683713671175,b well below a,estimate
44,6,0.1,L_range,L0,300,2.3030376011812086,1.1745850574464143,1.1284525437347943,1.04669547776809,1.2155917363011874,1.0341371823688157,1.2325198059159241,b well below a,estimate
44,6,0.1,L_ft,L0,100,0.5812696727664124,1.1287088354776365,-0.5474391627112241,-0.5997226782510603,-0.49438677194286107,-0.6120439037882054,-0.48131589305790223,a well below b,estimate
44,6,0.3,P1,L_range,300,1.0213225952266989,3.5850088988785607,-2.5636863036518616,-2.689012965901763,-2.4432035553416807,-2.7120856300511442,-2.4221684105478962,a well below b,estimate
44,6,0.3,P1,L_ft,100,1.0226040539409105,1.2609553747842808,-0.2383513208433703,-0.29221103060168685,-0.18679823677063465,-0.30216796481111086,-0.17530355210415616,no reading,estimate
44,6,0.3,L_param_P1,L_range,300,1.7566236054413538,3.5850088988785607,-1.828385293437207,-1.9316708658026676,-1.7348259927126133,-1.9470547776667784,-1.7191986036928009,a well below b,estimate
44,6,0.3,L_param_P1,L_ft,100,1.7069030073299407,1.2609553747842808,0.44594763254565994,0.3398428510089346,0.5558967902250211,0.3175262475009379,0.580520019418599,b well below a,estimate
44,6,0.3,O,P1,300,5.127705932865715,1.0213225952266989,4.106383337639016,3.9402911626754684,4.267917444419078,3.902068226576317,4.30504214114089,b well below a,estimate
44,6,0.3,O,L_param_P1,300,5.127705932865715,1.7566236054413538,3.3710823274243613,3.2305615513806845,3.509581614918168,3.203180422334974,3.546192052612095,b well below a,estimate
44,6,0.3,P1,P0,300,1.0213225952266989,0.9254694834036661,0.0958531118230328,0.08765177605207819,0.10379815585114505,0.08687649352997984,0.10507961456535686,no reading,estimate
44,6,0.3,P1x,P1,300,5.113609887009388,1.0213225952266989,4.092287291782689,3.919007955270908,4.256608742706051,3.884392215730042,4.2913911335974335,b well below a,estimate
44,6,0.3,L_param_true,L_param_P1,300,4.489011502938791,1.7566236054413538,2.732387897497437,2.5888491147419,2.878262297627718,2.5634351962623954,2.905601406667918,b well below a,estimate
44,6,0.3,L_range,L0,300,3.5850088988785607,2.4076046322608806,1.17740426661768,1.093045839461126,1.2673754829424806,1.0756500374157023,1.2832591637051347,b well below a,estimate
44,6,0.3,L_ft,L0,100,1.2609553747842808,2.4088860909750918,-1.147930716190811,-1.2947858848394684,-1.0009986600193015,-1.3209468644901003,-0.9710701917488881,a well below b,estimate
44,11,0.1,P1,L_range,300,0.4992563150568656,2.4209318028886817,-1.921675487831816,-2.01983522534043,-1.8245152881202875,-2.035988012433068,-1.8071066714877224,a well below b,estimate
44,11,0.1,P1,L_ft,100,0.49669339762844233,0.7165917129871646,-0.21989831535872228,-0.25449770064243715,-0.18760555576058813,-0.2621864529277068,-0.18220420728018594,no reading,estimate
44,11,0.1,L_param_P1,L_range,300,0.5020755242281313,2.4209318028886817,-1.9188562786605505,-2.0103524308552636,-1.8270653909615688,-2.028042968404956,-1.8104384641446727,a well below b,estimate
44,11,0.1,L_param_P1,L_ft,100,0.4928490214858073,0.7165917129871646,-0.22374269150135734,-0.2521910749568562,-0.1968320585029122,-0.25834207678507204,-0.19068105667469626,no reading,estimate
44,11,0.1,O,P1,300,3.739809111555331,0.4992563150568656,3.2405527964984655,3.0880592095072767,3.3884587612927746,3.0636666428822563,3.419957016488098,b well below a,estimate
44,11,0.1,O,L_param_P1,300,3.739809111555331,0.5020755242281313,3.2377335873271997,3.094697165646892,3.380270240108963,3.0688116996198165,3.4100128968658154,b well below a,estimate
44,11,0.1,P1,P0,300,0.4992563150568656,0.4303138362322778,0.06894247882458776,0.06484181093911051,0.07304314671006518,0.06432282015985462,0.0738120219385921,approximately equal,estimate
44,11,0.1,P1x,P1,300,3.710350967892291,0.4992563150568656,3.2110946528354254,3.063943697182195,3.3544543125330866,3.036525347315253,3.3905180947057727,b well below a,estimate
44,11,0.1,L_param_true,L_param_P1,300,3.1136883837915095,0.5020755242281313,2.6116128595633783,2.4875420268534043,2.73924614749886,2.4657828578860905,2.758743541835591,b well below a,estimate
44,11,0.1,L_range,L0,300,2.4209318028886817,1.1868870611028464,1.2340447417858353,1.1525311529748317,1.31664757050392,1.1384351071185033,1.3327490992479896,b well below a,estimate
44,11,0.1,L_ft,L0,100,0.7165917129871646,1.1633082207613514,-0.4467165077741868,-0.5043821499137119,-0.3928952417772974,-0.515915278341617,-0.3852064894920272,a well below b,estimate
44,11,0.3,P1,L_range,300,1.0210663034838563,3.715733094491981,-2.6946667910081246,-2.8259325617963933,-2.566007565763081,-2.847720404716683,-2.541596547595541,a well below b,estimate
44,11,0.3,P1,L_ft,100,1.0072265493703705,1.5646610900524462,-0.5574345406820758,-0.6327843130777215,-0.4874668948861183,-0.6481618176482609,-0.4759337664582137,a well below b,estimate
44,11,0.3,L_param_P1,L_range,300,1.621557856963444,3.715733094491981,-2.094175237528537,-2.200818231725232,-1.9944649349757273,-2.2200611561576165,-1.9721821897740819,a well below b,estimate
44,11,0.3,L_param_P1,L_ft,100,1.6000293505646876,1.5646610900524462,0.0353682605122414,-0.06689214488184848,0.13839754113486058,-0.08151999610457521,0.15992604753361617,no reading,estimate
44,11,0.3,O,P1,300,5.0101758702478945,1.0210663034838563,3.9891095667640384,3.8184018294147526,4.163263106822615,3.78612458058743,4.201884726077331,b well below a,estimate
44,11,0.3,O,L_param_P1,300,5.0101758702478945,1.621557856963444,3.3886180132844506,3.246845051377838,3.5376246381928977,3.22071306341637,3.5711052969890513,b well below a,estimate
44,11,0.3,P1,P0,300,1.0210663034838563,0.9059913109476487,0.11507499253620757,0.10584848979388362,0.12507037050705894,0.1040544475939873,0.12686441270695514,no reading,estimate
44,11,0.3,P1x,P1,300,5.000149678749383,1.0210663034838563,3.9790833752655272,3.80547176469206,4.154527263786353,3.7739969008045953,4.19162626390097,b well below a,estimate
44,11,0.3,L_param_true,L_param_P1,300,4.410027425851863,1.621557856963444,2.7884695688884187,2.6586962449002027,2.9314931759815823,2.638553920920387,2.9563816963882603,b well below a,estimate
44,11,0.3,L_range,L0,300,3.715733094491981,2.3927397111760254,1.3229933833159557,1.2309564262845862,1.4173249217839556,1.2137976941012911,1.4357963788111257,b well below a,estimate
44,11,0.3,L_ft,L0,100,1.5646610900524462,2.3881264598048633,-0.823465369752417,-0.9495609072308453,-0.6981387075025167,-0.9718582888581286,-0.6758221039945201,a well below b,estimate
44,23,0.1,P1,L_range,300,0.3744422362926492,2.458606689086505,-2.0841644527938556,-2.1777237535184497,-1.9951415159175714,-2.1992394453300634,-1.9767782125429183,a well below b,estimate
44,23,0.1,P1,L_ft,100,0.3859753647205542,0.9826225420575065,-0.5966471773369524,-0.6527750690194231,-0.5412881608830084,-0.6620015717617473,-0.5328305333692114,a well below b,estimate
44,23,0.1,L_param_P1,L_range,300,0.31549513543891256,2.458606689086505,-2.1431115536475924,-2.2371834378578708,-2.051871693195722,-2.257167786506002,-2.033905642022474,a well below b,estimate
44,23,0.1,L_param_P1,L_ft,100,0.32984747303808326,0.9826225420575065,-0.6527750690194233,-0.7104407111589484,-0.5951094268798983,-0.7212049643583263,-0.5858829241375743,a well below b,estimate
44,23,0.1,O,P1,300,3.7452066449188486,0.3744422362926492,3.3707644086261994,3.2321244418359436,3.519480565749265,3.2023679189916447,3.5455896207201185,b well below a,estimate
44,23,0.1,O,L_param_P1,300,3.7452066449188486,0.31549513543891256,3.429711509479936,3.289760811124193,3.578385579164583,3.2656249214111113,3.603733602869881,b well below a,estimate
44,23,0.1,P1,P0,300,0.3744422362926492,0.4221125004613232,-0.04767026416867398,-0.05819104021235186,-0.03818746968350761,-0.06023496686151937,-0.03588084399792668,approximately equal,estimate
44,23,0.1,P1x,P1,300,3.653710492724137,0.3744422362926492,3.2792682564314877,3.1433797821997946,3.4261801489442014,3.119320780009566,3.4530340580785888,b well below a,estimate
44,23,0.1,L_param_true,L_param_P1,300,3.1180453434198294,0.31549513543891256,2.802550207980917,2.669265687115761,2.9432671893885005,2.640042021138164,2.961995708496703,b well below a,estimate
44,23,0.1,L_range,L0,300,2.458606689086505,1.1733035987322027,1.2853030903543021,1.2127597125427803,1.3604350147685325,1.1991698428785658,1.3775809323646844,b well below a,estimate
44,23,0.1,L_ft,L0,100,0.9826225420575065,1.1633082207613514,-0.1806856787038449,-0.22916326186247277,-0.1352835964593257,-0.2383513208433704,-0.12609553747842805,no reading,estimate
44,23,0.3,P1,L_range,300,1.0036384649705778,3.7346832766984837,-2.731044811727906,-2.8527962041651556,-2.620070487077175,-2.8784125638622466,-2.5964852394421096,a well below b,estimate
44,23,0.3,P1,L_ft,100,0.9987689218565734,2.038288230825078,-1.0395193089685044,-1.151006217104919,-0.9272635256035627,-1.177955293864791,-0.9087912982382012,a well below b,estimate
44,23,0.3,L_param_P1,L_range,300,1.2842779233829331,3.7346832766984837,-2.4504053533155505,-2.556779241182261,-2.352219986632652,-2.5749759549240663,-2.3345486709636734,a well below b,estimate
44,23,0.3,L_param_P1,L_ft,100,1.3078567637244276,2.038288230825078,-0.7304314671006502,-0.8381124428558567,-0.6235578103353974,-0.8672912577784564,-0.6043359296222219,a well below b,estimate
44,23,0.3,O,P1,300,5.0405975538269825,1.0036384649705778,4.036959088856404,3.882715368942235,4.201043298477747,3.8552106371908623,4.2262092583534585,b well below a,estimate
44,23,0.3,O,L_param_P1,300,5.0405975538269825,1.2842779233829331,3.7563196304440494,3.616326074311695,3.899586152368687,3.593236566729083,3.9211352133105746,b well below a,estimate
44,23,0.3,P1,P0,300,1.0036384649705778,0.8977899751766942,0.10584848979388362,0.0902146934805016,0.12225116133579295,0.08738907701566445,0.12533306954347198,no reading,estimate
44,23,0.3,P1x,P1,300,4.940131190632787,1.0036384649705778,3.936492725662209,3.7867754900656765,4.101886126172658,3.7572319120115303,4.12977955754194,b well below a,estimate
44,23,0.3,L_param_true,L_param_P1,300,4.433380787978175,1.2842779233829331,3.1491028645952417,3.0076016011953013,3.2872584692507845,2.9794121016593325,3.315235586320826,b well below a,estimate
44,23,0.3,L_range,L0,300,3.7346832766984837,2.4065794652895116,1.328103811408972,1.2445398886552295,1.4173189670923887,1.226599466656265,1.4326964716629278,b well below a,estimate
44,23,0.3,L_ft,L0,100,2.038288230825078,2.3496826983785133,-0.31139446755343547,-0.41446219193747985,-0.20602011748380983,-0.43827810214110335,-0.18143533205165804,a well below b,estimate
50,3,0.1,P1,L_range,300,0.5588132601313643,1.3066102927019767,-0.7477970325706124,-0.7930084613838294,-0.7037912418590808,-0.8035653300117156,-0.6956531846727018,a well below b,estimate
50,3,0.1,P1,L_ft,100,0.5714724601990653,0.49913417409791777,0.07233828610114751,0.0542537145758607,0.09042285762643443,0.04973257169453915,0.09223131477896318,approximately equal,estimate
50,3,0.1,L_param_P1,L_range,300,0.7773351660619141,1.3066102927019767,-0.5292751266400626,-0.5660621592177504,-0.49551725979286054,-0.5729870430643084,-0.4879744864191889,a well below b,estimate
50,3,0.1,L_param_P1,L_ft,100,0.8092845757565874,0.49913417409791777,0.31015040165866964,0.27759817291315325,0.3445110875567149,0.2703643443030387,0.35264914474309406,b well below a,estimate
50,3,0.1,O,P1,300,3.4687991040869965,0.5588132601313643,2.9099858439556323,2.7897172871130524,3.0340496006402438,2.7687403652832847,3.059608092553117,b well below a,estimate
50,3,0.1,O,L_param_P1,300,3.4687991040869965,0.7773351660619141,2.691463938025082,2.5781250421897695,2.8078754887851334,2.5602262914395926,2.834817904336667,b well below a,estimate
50,3,0.1,P1,P0,300,0.5588132601313643,0.57659642213123,-0.017783161999865627,-0.0214000763049228,-0.01416624769480812,-0.022304304881187065,-0.013563428643965203,approximately equal,estimate
50,3,0.1,P1x,P1,300,3.429437580245234,0.5588132601313643,2.87062432011387,2.755154330924913,2.9872698064519696,2.738576807026733,3.0108098903873852,b well below a,estimate
50,3,0.1,L_param_true,L_param_P1,300,2.4290593653714487,0.7773351660619141,1.6517241993095346,1.5790694332066948,1.7228568473089962,1.56670410742628,1.7355612588055098,b well below a,estimate
50,3,0.1,L_range,L0,300,1.3066102927019767,0.5657456792160577,0.740864613485919,0.7013799656557094,0.7827605375195003,0.6944400113328806,0.7906197908948644,b well below a,estimate
50,3,0.1,L_ft,L0,100,0.49913417409791777,0.5904612603006165,-0.09132708620269875,-0.11483702918557159,-0.06872137179609006,-0.1184539434906291,-0.06329600033850424,no reading,estimate
50,3,0.3,P1,L_range,300,1.0871841581951627,2.450760851201793,-1.3635766930066302,-1.4344079314806704,-1.29485532121054,-1.4458614934466854,-1.2830777440046972,a well below b,estimate
50,3,0.3,P1,L_ft,100,1.1275730346016366,1.1528914347370383,-0.025318400135401653,-0.0850426975976617,0.0334564573217806,-0.09856091481281326,0.04252134879883084,approximately equal,estimate
50,3,0.3,L_param_P1,L_range,300,1.8729587909688772,2.450760851201793,-0.5778020602329157,-0.6203008033173396,-0.5343990885722272,-0.6284539309799902,-0.5274666694875341,a well below b,estimate
50,3,0.3,L_param_P1,L_ft,100,1.9359533817819596,1.1528914347370383,0.7830619470449214,0.695306563718467,0.8798144047052068,0.6781714321982577,0.8988032048067573,b well below a,estimate
50,3,0.3,O,P1,300,4.660024710101085,1.0871841581951627,3.572840551905923,3.4385662043518113,3.7072719583213147,3.4079500138856953,3.736059448199626,b well below a,estimate
50,3,0.3,O,L_param_P1,300,4.660024710101085,1.8729587909688772,2.7870659191322082,2.667221895803497,2.9018116875164357,2.6463393360483476,2.9228122277299105,b well below a,estimate
50,3,0.3,P1,P0,300,1.0871841581951627,1.1242575298220008,-0.0370733716268381,-0.04189592403358122,-0.03253715826924497,-0.0428001526098456,-0.031648000169252066,approximately equal,estimate
50,3,0.3,P1x,P1,300,4.625485738666066,1.0871841581951627,3.538301580470904,3.407428528690046,3.67037751227602,3.3788497853235357,3.6969193790668053,b well below a,estimate
50,3,0.3,L_param_true,L_param_P1,300,3.687444134005994,1.8729587909688772,1.8144853430371168,1.7334061806987475,1.9016077663601862,1.7186220434768253,1.9187956445473437,b well below a,estimate
50,3,0.3,L_range,L0,300,2.450760851201793,1.6453945992756842,0.8053662519261087,0.7586327050095135,0.8496734521630618,0.7520167659265125,0.8599213760273905,b well below a,estimate
50,3,0.3,L_ft,L0,100,1.1528914347370383,1.7243638949361035,-0.5714724601990653,-0.6646080035542925,-0.4864297626014036,-0.6781714321982579,-0.4720073168099874,a well below b,estimate
50,6,0.1,P1,L_range,300,0.5648414506397934,1.598977532360781,-1.0341360817209877,-1.0983513811120271,-0.9759489728383773,-1.1118997392797212,-0.9654071746867624,a well below b,estimate
50,6,0.1,P1,L_ft,100,0.5768978316566514,0.6483318891815344,-0.07143405752488297,-0.09675245766028462,-0.046115657389481535,-0.10127360054160628,-0.04159451450815976,approximately equal,estimate
50,6,0.1,L_param_P1,L_range,300,0.639289603418891,1.598977532360781,-0.9596879289418901,-1.0169557387719652,-0.9075440810439795,-1.0284168359761157,-0.8981928505177793,a well below b,estimate
50,6,0.1,L_param_P1,L_ft,100,0.6555657177916491,0.6483318891815344,0.007233828610114679,-0.015371885796493956,0.03255222874551623,-0.019893028677815394,0.03707337162683788,approximately equal,estimate
50,6,0.1,O,P1,300,3.4505362470247354,0.5648414506397934,2.885694796384942,2.7732539729264714,3.0011497150976276,2.7524717861486625,3.019543231386472,b well below a,estimate
50,6,0.1,O,L_param_P1,300,3.4505362470247354,0.639289603418891,2.8112466436058443,2.7069137363812104,2.9188498441813016,2.687668738183051,2.938441463333696,b well below a,estimate
50,6,0.1,P1,P0,300,0.5648414506397934,0.5666499077923219,-0.001808457152528531,-0.003315504779635936,-0.0006028190508428066,-0.003616914305057395,-0.0003014095254214588,approximately equal,estimate
50,6,0.1,P1x,P1,300,3.4493306089230495,0.5648414506397934,2.884489158283256,2.769652129097685,2.9978342103179916,2.7494426204181766,3.021057814251715,b well below a,estimate
50,6,0.1,L_param_true,L_param_P1,300,2.3925888127954535,0.639289603418891,1.7532992093765625,1.6848491061533517,1.8235426992760309,1.673418149901744,1.8413183260377604,b well below a,estimate
50,6,0.1,L_range,L0,300,1.598977532360781,0.563937222063529,1.035040310297252,0.9795658871434346,1.0947193963306985,0.9711339556697696,1.1070847221111138,b well below a,estimate
50,6,0.1,L_ft,L0,100,0.6483318891815344,0.5814189745379731,0.0669129146435613,0.04521142881321727,0.08680594332137692,0.0406902859318955,0.09132708620269858,approximately equal,estimate
50,6,0.3,P1,L_range,300,1.0938151677544345,2.7916550244534504,-1.6978398566990158,-1.7867707371746144,-1.6122244810030533,-1.8081632782414012,-1.5980506980701106,a well below b,estimate
50,6,0.3,P1,L_ft,100,1.1275730346016368,1.3979373789046752,-0.27036434430303835,-0.3200969159975773,-0.2188233154559711,-0.32733074460769207,-0.21068525826959195,a well below b,estimate
50,6,0.3,L_param_P1,L_range,300,1.681563742326258,2.7916550244534504,-1.1100912821271924,-1.1764013777199112,-1.0458910532124246,-1.1926925625689404,-1.0332318531447235,a well below b,estimate
50,6,0.3,L_param_P1,L_ft,100,1.734310409275011,1.3979373789046752,0.33637303037033583,0.26855588715051004,0.40961554504774766,0.254969852792138,0.42227474511544827,b well below a,estimate
50,6,0.3,O,P1,300,4.674437205772788,1.0938151677544345,3.5806220380183538,3.447375043028954,3.717015166527264,3.4188807116173487,3.7493063968419,b well below a,estimate
50,6,0.3,O,L_param_P1,300,4.674437205772788,1.681563742326258,2.9928734634465304,2.877550582999141,3.1080180583569463,2.8527135769871332,3.1318561536957863,b well below a,estimate
50,6,0.3,P1,P0,300,1.0938151677544345,1.104967320195028,-0.011152152440593532,-0.01476906674565126,-0.007836647660957475,-0.01597470484733665,-0.007233828610114568,approximately equal,estimate
50,6,0.3,P1x,P1,300,4.673711262733499,1.0938151677544345,3.5798960949790644,3.441885107253443,3.7202359660364324,3.416748239224991,3.748865413813047,b well below a,estimate
50,6,0.3,L_param_true,L_param_P1,300,3.665441238650228,1.681563742326258,1.98387749632397,1.894057457748379,2.080343614935105,1.8795521243374722,2.103838487441706,b well below a,estimate
50,6,0.3,L_range,L0,300,2.7916550244534504,1.6019916276149957,1.1896633968384547,1.123051891720315,1.2566064524345584,1.1109955107034573,1.275263702058146,b well below a,estimate
50,6,0.3,L_ft,L0,100,1.3979373789046752,1.660163666021335,-0.26222628711665985,-0.32913920176022127,-0.19802605820189112,-0.3408941732516575,-0.18536685813419052,a well below b,estimate
50,11,0.1,P1,L_range,300,0.549770974368721,1.7608344475120987,-1.2110634731433776,-1.2773886392123674,-1.1489731109065597,-1.291238406905483,-1.1366153203642801,a well below b,estimate
50,11,0.1,P1,L_ft,100,0.567855545894008,0.7957211471126224,-0.22786560121861443,-0.2595136013878665,-0.19712182962562685,-0.264057349983595,-0.19169645816804082,no reading,estimate
50,11,0.1,L_param_P1,L_range,300,0.5117933741656185,1.7608344475120987,-1.24904107334648,-1.3105286165324554,-1.192361012090977,-1.3219821784984704,-1.1818192139393615,a well below b,estimate
50,11,0.1,L_param_P1,L_ft,100,0.549770974368721,0.7957211471126224,-0.2459501727439014,-0.2775981729131535,-0.2124485039933073,-0.2839277729470038,-0.2061641153882705,no reading,estimate
50,11,0.1,O,P1,300,3.3676486275338378,0.549770974368721,2.817877653165117,2.71111839926084,2.923973806113466,2.6927851648770798,2.9474988195726106,b well below a,estimate
50,11,0.1,O,L_param_P1,300,3.3676486275338378,0.5117933741656185,2.8558552533682193,2.7521703766232406,2.9592688615403184,2.736173066061497,2.9833740883358977,b well below a,estimate
50,11,0.1,P1,P0,300,0.549770974368721,0.5570048029788359,-0.007233828610114901,-0.010247923864329156,-0.00452114288132166,-0.010556868627886256,-0.003918323830478854,approximately equal,estimate
50,11,0.1,P1x,P1,300,3.3456457321780717,0.549770974368721,2.795874757809351,2.6912856524881086,2.902890209810235,2.672583191435707,2.922172884199073,b well below a,estimate
50,11,0.1,L_param_true,L_param_P1,300,2.330197041033214,0.5117933741656185,1.8184036668675954,1.7496672245952338,1.8898829358212916,1.740323529307169,1.903717633038136,b well below a,estimate
50,11,0.1,L_range,L0,300,1.7608344475120987,0.5582104410805215,1.2026240064315772,1.1450397165998092,1.2659350772463522,1.1338875641592157,1.2785867420759176,b well below a,estimate
50,11,0.1,L_ft,L0,100,0.7957211471126224,0.5859401174192947,0.20978102969332768,0.1790372581003401,0.239620572710051,0.1744935095046115,0.2459501727439014,no reading,estimate
50,11,0.3,P1,L_range,300,1.0989391296865991,2.944771063367546,-1.845831933680947,-1.9338435151040094,-1.7608344475120987,-1.9528473856818325,-1.7454550264774693,a well below b,estimate
50,11,0.3,P1,L_ft,100,1.1212434345677864,1.6068141800217388,-0.4855707454539524,-0.5498161857975343,-0.42132530511037053,-0.5651428601652146,-0.4105197736240116,a well below b,estimate
50,11,0.3,L_param_P1,L_range,300,1.4910729222599028,2.944771063367546,-1.4536981411076433,-1.526367977686754,-1.3846602893098605,-1.541717257768841,-1.37080298637861,a well below b,estimate
50,11,0.3,L_param_P1,L_ft,100,1.548039322564556,1.6068141800217388,-0.058774857457182916,-0.13477526929220063,0.024414171559137075,-0.1510061722361449,0.04249874308442436,no reading,estimate
50,11,0.3,O,P1,300,4.566354310134936,1.0989391296865991,3.467415180448337,3.3374926045154223,3.5925152039745085,3.3188202844155628,3.6160251469573814,b well below a,estimate
50,11,0.3,O,L_param_P1,300,4.566354310134936,1.4910729222599028,3.075281387875033,2.9679795968249976,3.182010500826767,2.952592640552233,3.20037387616307,b well below a,estimate
50,11,0.3,P1,P0,300,1.0989391296865991,1.0778404629070977,0.02109866677950145,0.015974704847336874,0.02622262871166603,0.015070476271072492,0.027428266813351643,approximately equal,estimate
50,11,0.3,P1x,P1,300,4.537418995694476,1.0989391296865991,3.438479866007877,3.3109836367546057,3.5645142590628556,3.2907741280750975,3.586517154418621,b well below a,estimate
50,11,0.3,L_param_true,L_param_P1,300,3.5608521333289853,1.4910729222599028,2.0697792110690827,1.9865901820527632,2.155093177239624,1.9745262657977696,2.169568369697988,b well below a,estimate
50,11,0.3,L_range,L0,300,2.944771063367546,1.576673227479594,1.368097835887952,1.3014863307698123,1.4419582400924784,1.2849088068716323,1.4561169525491506,b well below a,estimate
50,11,0.3,L_ft,L0,100,1.6068141800217388,1.6267072086995542,-0.019893028677815394,-0.09946514338907766,0.05520315458093834,-0.11395540632371404,0.07233828610114723,approximately equal,estimate
50,23,0.1,P1,L_range,300,0.3966549354546254,1.7973050000880941,-1.4006500646334687,-1.4615649297211428,-1.3415737976508648,-1.480531124108288,-1.3331343309390642,a well below b,estimate
50,23,0.1,P1,L_ft,100,0.41956205938665553,0.9331638907048025,-0.513601831318147,-0.5606217172838928,-0.46929463108119424,-0.5714724601990651,-0.4620608024710795,a well below b,estimate
50,23,0.1,L_param_P1,L_range,300,0.32100114457384205,1.7973050000880941,-1.476303855514252,-1.541121973956134,-1.4160219504299623,-1.5594928845305713,-1.4057664913274976,a well below b,estimate
50,23,0.1,L_param_P1,L_ft,100,0.3282349731839567,0.9331638907048025,-0.6049289175208459,-0.652853032062856,-0.5570048029788358,-0.6646080035542925,-0.5488667457924568,a well below b,estimate
50,23,0.1,O,P1,300,3.308572360551234,0.3966549354546254,2.9119174250966084,2.79796955401103,3.021675703778829,2.779583572960322,3.047853121061681,b well below a,estimate
50,23,0.1,O,L_param_P1,300,3.308572360551234,0.32100114457384205,2.987571215977392,2.8757332115697634,3.098836542286719,2.8525322133504467,3.1226328243187416,b well below a,estimate
50,23,0.1,P1,P0,300,0.3966549354546254,0.5428385552840277,-0.1461836198294023,-0.1582400008462601,-0.1341272388125444,-0.16065127704963167,-0.13171596260917284,no reading,estimate
50,23,0.1,P1x,P1,300,3.2392481697043007,0.3966549354546254,2.8425932342496756,2.7337693250962616,2.9489907967234457,2.7159710926201246,2.9731035587571624,b well below a,estimate
50,23,0.1,L_param_true,L_param_P1,300,2.2503235167965303,0.32100114457384205,1.9293223722226882,1.8560497165927339,2.0019771383255276,1.8425088936631753,2.018886212701671,b well below a,estimate
50,23,0.1,L_range,L0,300,1.7973050000880941,0.5362075457247558,1.2610974543633384,1.2050352826349489,1.3199024527730625,1.1959854616341696,1.3370601900076784,b well below a,estimate
50,23,0.1,L_ft,L0,100,0.9331638907048025,0.5434413743348706,0.38972251636993194,0.3553618304718872,0.42231995654426185,0.3499364590143008,0.4295311794399699,b well below a,estimate
50,23,0.3,P1,L_range,300,1.0380544055514667,2.9372358252320097,-1.899181419680543,-1.9832746772731273,-1.8192928249675882,-1.999874806885713,-1.8084571525286872,a well below b,estimate
50,23,0.3,P1,L_ft,100,1.0308205769413519,1.8816996672060993,-0.8508790902647474,-0.9449188621962388,-0.7595520040620487,-0.9675245766028471,-0.7450843468418191,a well below b,estimate
50,23,0.3,L_param_P1,L_range,300,1.125161758398265,2.9372358252320097,-1.8120740668337447,-1.8904405434433211,-1.7358023864258472,-1.9064152482906582,-1.725848336848804,a well below b,estimate
50,23,0.3,L_param_P1,L_ft,100,1.1465618347031878,1.8816996672060993,-0.7351378325029114,-0.8246564615530818,-0.6519488034865921,-0.844549490230897,-0.6374811462663623,a well below b,estimate
50,23,0.3,O,P1,300,4.491180214316548,1.0380544055514667,3.4531258087650807,3.317602333915032,3.5824544799240026,3.2971157204855075,3.6110750134237666,b well below a,estimate
50,23,0.3,O,L_param_P1,300,4.491180214316548,1.125161758398265,3.3660184559182826,3.2409335028683826,3.482968109859231,3.2205546229287485,3.5170246281544286,b well below a,estimate
50,23,0.3,P1,P0,300,1.0380544055514667,1.0534262913479604,-0.015371885796493734,-0.029236723965880618,-0.0021098666779502005,-0.03134659064383061,0.0009042285762639434,approximately equal,estimate
50,23,0.3,P1x,P1,300,4.397263566373503,1.0380544055514667,3.3592091608220365,3.2343954763450147,3.4791852224160444,3.213922234330763,3.5069224339929534,b well below a,estimate
50,23,0.3,L_param_true,L_param_P1,300,3.4116544182453694,1.125161758398265,2.2864926598471045,2.196974030796934,2.3748207212718593,2.1830865869131406,2.389295913730224,b well below a,estimate
50,23,0.3,L_range,L0,300,2.9372358252320097,1.533571665344327,1.4036641598876827,1.3355305366661647,1.4757161069396802,1.3261943766162354,1.4892720003455093,b well below a,estimate
50,23,0.3,L_ft,L0,100,1.8816996672060993,1.5353801224968555,0.34631954470924375,0.25951360138786717,0.43674240233567807,0.24775862989643072,0.4584890995948354,b well below a,estimate
