# git_sha=468cabcd2ad7429c767ce068cd6bd796bb491265-dirty; POST-FREEZE EXTENSION
system,family,P,fit,rates,d_eff,ci95_lo,ci95_hi,delta_heldout,n_heldout_traj,d_patch,P_times_d_patch
ks22,whole,1,whole_6_12,6 8 10 12,4.558057764408559,4.552555731504828,4.563911741374198,4.08241 3.10524 2.28011 1.64187,165,,
ks22,whole,1,whole_8_16_even,8 10 12 14 16,4.346093777621618,4.339811133231884,4.352416833734602,3.10524 2.28011 1.64187 1.18918 0.872575,165,,
ks22,patch,8,b_8_16_even,64 80 96 112 128,26.505567350479488,26.491942890272757,26.51982045680115,0.876638 0.559318 0.361849 0.240582 0.164983,165,8,64
ks22,patch,16,b_8_16_even,128 160 192 224 256,46.80396423486457,46.7907311923093,46.81778502816223,0.514391 0.294524 0.183384 0.116994 0.0763302,165,4,64
ks22,patch,32,b_8_16_even,256 320 384 448 512,68.00741962583902,67.98753398913567,68.02822662033563,0.336338 0.172217 0.0888992 0.0462498 0.0248772,165,2,64
ks100,patch,8,b_8_16_even,64 80 96 112 128,49.04287179721727,48.95420447933236,49.138212433770256,5.97128 4.65911 3.69039 2.96498 2.41635,100,32,256
ks100,patch,16,b_8_16_even,128 160 192 224 256,72.83382983000078,72.74590052180994,72.92048459148323,3.65217 2.61063 1.90718 1.41794 1.08093,100,16,256
ks100,patch,32,b_8_16_even,256 320 384 448 512,112.56785341768494,112.48398029364283,112.65570606410138,2.13486 1.39628 0.926883 0.628349 0.443619,100,8,256
