# git_sha=424c7ed903113826fdf49ed3edb67961138fa959; T_info = bound (single-frame information bound, ensemble RMSE); other horizons and shares = estimate; known-zero amended threshold 1e-06, original 1e-10
bits,eps,O0_over_I0,passes_amended_1e-6,passes_original_1e-10,T_info,T_info_lo,T_info_hi,T_codebook,T_codebook_lo,T_codebook_hi,T_codebook_bc,T_codebook_bc_lo,T_codebook_bc_hi,T_projected_DI,T_projected_DI_lo,T_projected_DI_hi,O_share_at_Tinfo,O_share_at_Tinfo_lo,O_share_at_Tinfo_hi,Obc_share_at_Tinfo,Obc_share_at_Tinfo_lo,Obc_share_at_Tinfo_hi,E_share_at_Tinfo,E_share_at_Tinfo_lo,E_share_at_Tinfo_hi,min_cell,median_cell,label
4,0.3,8.560414757106094e-10,True,False,0.0724276,0.0724276,0.0724276,0.0181069,0.0181069,0.0181069,0.0181069,0.0181069,0.0181069,0.0181069,0.0181069,0.0181069,0.3072142424191855,0.30349693121341986,0.3114534719156291,0.3071073373889506,0.3033900974033424,0.31134654481984747,2.451109129177838e-18,-2.1141315655760926e-17,2.2039017388781417e-17,6739,8530.0,estimate
4,0.1,8.560414757106094e-10,True,False,0.0,0.0,0.0,0.0,0.0,0.0,0.0,0.0,0.0,0.0,0.0,0.0,8.560414757106094e-10,4.38711686097892e-05,0.0005249360973910534,0.0,1.0750250692020162e-06,0.0004261338156386684,-5.424887815928631e-28,-1.4536062014001622e-20,1.3531880069759896e-20,6739,8530.0,estimate
4,0.5,8.560414757106094e-10,True,False,0.20822934999999998,0.20822934999999998,0.20822934999999998,0.18106899999999998,0.18106899999999998,0.18106899999999998,0.18106899999999998,0.18106899999999998,0.18106899999999998,0.18106899999999998,0.18106899999999998,0.18106899999999998,0.14563707098176376,0.14271593628096618,0.14880515323964189,0.1455454503288084,0.14262400775820236,0.14871364377951252,0.02861033211428803,0.02759794865540226,0.029708822100689612,6739,8530.0,estimate
6,0.3,3.092584846229731e-29,True,True,0.2172828,0.2172828,0.2172828,0.1991759,0.1991759,0.1991759,0.1991759,0.1991759,0.1991759,0.19012245,0.19012245,0.1991759,0.20044091721678164,0.1954279148018032,0.20467202271501522,0.200053237941795,0.19504026234153488,0.20428514155057956,0.04492213294455527,0.03779719015069986,0.05280245140605182,1128,2143.5,estimate
6,0.1,3.092584846229731e-29,True,True,0.0,0.0,0.0,0.0,0.0,0.0,0.0,0.0,0.0,0.0,0.0,0.0,3.092584846229731e-29,0.0002748115344213677,0.000917752661686558,0.0,4.8295438581242285e-05,0.0005696830412406019,-1.7265028418679262e-46,-2.3834371869020062e-20,2.2220088978434845e-20,1128,2143.5,estimate
6,0.5,3.092584846229731e-29,True,True,0.3440311,0.33497764999999996,0.3440311,0.3259242,0.3259242,0.33497764999999996,0.33497764999999996,0.3259242,0.33497764999999996,0.31687075,0.31687075,0.31687075,0.06806845628221742,0.06606833033728046,0.0704920607258182,0.0677324524718645,0.06573158738493093,0.07015657486006069,0.15940418086960678,0.12583004347550342,0.16487731326482905,1128,2143.5,estimate
8,0.3,9.350606140273844e-29,True,True,0.3440311,0.3440311,0.3440311,0.33497764999999996,0.33497764999999996,0.3440311,0.3440311,0.33497764999999996,0.3440311,0.33497764999999996,0.33497764999999996,0.33497764999999996,0.054750635829239606,0.053106486956930855,0.05623253979981696,0.0533386281140367,0.05169851700614522,0.054822267147909366,0.07173551167974548,0.06686963215244797,0.08143477368402019,171,569.0,estimate
8,0.1,9.350606140273844e-29,True,True,0.12674829999999998,0.11769484999999999,0.12674829999999998,0.0181069,0.00905345,0.0181069,0.0181069,0.00905345,0.0181069,0.0181069,0.00905345,0.0181069,0.4616460050933518,0.45655173223068685,0.5089833447059418,0.4598011221489706,0.45469812525983955,0.507120881940398,0.0012906451850477698,0.0005023266496503009,0.005016683987741946,171,569.0,estimate
8,0.5,9.350606140273844e-29,True,True,0.5069931999999999,0.5069931999999999,0.5160466499999999,0.5069931999999999,0.49793974999999996,0.5069931999999999,0.5069931999999999,0.49793974999999996,0.5069931999999999,0.4526725,0.4526725,0.4526725,0.0252864665629721,0.024444692562749556,0.02678697062641691,0.02403061777825499,0.02317378293761126,0.025498011412059127,0.4298399795775609,0.4243123762048431,0.455649684560943,171,569.0,estimate
10,0.3,2.149176189079174e-28,True,True,0.47983285,0.47983285,0.48888629999999994,0.47983285,0.47077939999999996,0.47983285,0.47983285,0.47077939999999996,0.47983285,0.4526725,0.44361904999999996,0.4526725,0.016869972144619078,0.016239063022612223,0.01787248108345946,0.01309699630341722,0.012503436575196893,0.014097081872219244,0.2372863799405994,0.22880971336368222,0.25895475989535194,18,148.0,estimate
10,0.1,2.149176189079174e-28,True,True,0.25349659999999996,0.25349659999999996,0.25349659999999996,0.23538969999999998,0.23538969999999998,0.24444314999999997,0.23538969999999998,0.23538969999999998,0.24444314999999997,0.23538969999999998,0.23538969999999998,0.24444314999999997,0.13765951230835488,0.1353239769702418,0.14341258724684494,0.1317867687636038,0.12958033750730039,0.13738013119596168,0.005008613987930394,0.007364327118787589,0.015664198453394174,18,148.0,estimate
10,0.5,2.149176189079174e-28,True,True,1.1407346999999999,1.1407346999999999,1.14978815,1.1407346999999999,1.1407346999999999,1.14978815,1.1407346999999999,1.1407346999999999,1.14978815,0.7695432499999999,0.75143635,0.80575705,0.01243906397465635,0.011991887662628323,0.013353254809521865,0.008765266075541692,0.00828905937351932,0.009664381308165616,0.35424146654068756,0.3546080750482312,0.3910423076444405,18,148.0,estimate
