# git_sha=5e7b773d33e483c0d6ac1eec75b52e83b4670320-dirty; Adapt the Physics objections WO; per-state |identified Re - true Re| at w = 11
world,Re,arm,w,seeds,n_values,abs_err_median,abs_err_p90,abs_err_max,label
D,36,H,11,3,900,0.027886119135253296,0.07587386068122443,0.1964661245192758,estimate
D,36,FNO_Re_id,11,3,900,0.041058870700467764,0.10850393343619232,0.29390187315647154,estimate
D,36,FNOw_Re_id,11,1,300,0.0506519071485485,0.11071250024399149,0.19488654482331924,estimate
D,40,H,11,3,900,0.034260872236458795,0.10245799648319581,0.2250979636516348,estimate
D,40,FNO_Re_id,11,3,900,0.04969228122794789,0.12948580228692208,0.3575333193309689,estimate
D,40,FNOw_Re_id,11,1,300,0.04906722129285157,0.12362404672171863,0.33078902010031186,estimate
D,44,H,11,3,900,0.053335420224058794,0.14730764695382922,0.2790734935447716,estimate
D,44,FNO_Re_id,11,3,900,0.06689728869036315,0.1745561843733967,0.494920242855585,estimate
D,44,FNOw_Re_id,11,1,300,0.0671697788932768,0.1624408723854799,0.39805903660169406,estimate
D,50,H,11,3,900,0.07743704910199511,0.19959384508705255,0.4473613925077018,estimate
D,50,FNO_Re_id,11,3,900,0.16385040144960428,0.37271152922136114,0.9307790262731288,estimate
D,50,FNOw_Re_id,11,1,300,0.09632563630195534,0.2448465308406741,0.45504108732502857,estimate
D,56,H,11,3,900,0.09410379697492743,0.2875014310684591,0.5814951045432082,estimate
D,56,FNO_Re_id,11,3,900,0.3415843419491793,0.83852831780694,2.1389036233872645,estimate
D,56,FNOw_Re_id,11,1,300,0.138167846964393,0.3571436636283352,0.8207781175645792,estimate
C,36,H,11,3,900,0.03187349894586333,0.08734180600429653,0.17485344808120828,estimate
C,36,FNO_Re_id,11,1,300,0.037917448495051076,0.10640323878666963,0.31549627928768587,estimate
C,40,H,11,3,900,0.04630013281476408,0.11973475455720006,0.2926818527542778,estimate
C,40,FNO_Re_id,11,1,300,0.049959931831303095,0.12010016987532032,0.3235629410441021,estimate
C,44,H,11,3,900,0.06274732892887869,0.1616014232224643,0.36014212341206076,estimate
C,44,FNO_Re_id,11,1,300,0.06078051354856484,0.16036108436833418,0.39891735211826074,estimate
C,50,H,11,3,900,0.07728790641361272,0.20968047741215448,0.7876891625156333,estimate
C,50,FNO_Re_id,11,1,300,0.10368393146594457,0.25983679690974476,0.8616999391128957,estimate
C,56,H,11,3,900,0.1191158757628763,0.3076906036894059,0.8523724076762846,estimate
C,56,FNO_Re_id,11,1,300,0.8538477207704602,1.224577599436697,1.752218211266161,estimate
V,50,H,11,3,900,2.5718354258283256,3.237832045187743,3.997668521351251,estimate
