# git_sha=afac4cb0f9ceabff99760372ae0c936ea74b2f52-dirty; Adapt the Physics objections WO; Part 3 edge timing
arm,orin_result,orin_wall_median,dc_batch1_wall_median,orin_wall_p90,dc_batch1_wall_p90,orin_identify_or_adapt_median,dc_batch1_identify_or_adapt_median,orin_forecast_median,dc_batch1_forecast_median,orin_forecast_fps,dc_batch1_forecast_fps,orin_peak_torch_mem_MB,dc_batch1_peak_torch_mem_MB,orin_tegrastats_ram_peak_MB,dc_batch1_tegrastats_ram_peak_MB,orin_vdd_in_mean_mW,dc_batch1_vdd_in_mean_mW,orin_energy_per_state_J,dc_batch1_energy_per_state_J,horizon_max_abs_diff,horizon_states_identical,horizon_n,early_stop_note,orin_host,dc_host,label
H,ok,319.57349276542664,112.20714843273163,335.93197989463806,117.96380755901336,280.3340047597885,97.94046926498413,39.29221284389496,13.666110038757324,1.068223727452912,3.035124543644334,22.28759765625,22.28759765625,2483,,8969.916883287815,,2898.4150254712613,,0.0904228576264341,17,20,"early-stop columns (orin_*, dc_batch1_*): each arm forecasts until every state exceeds 0.3 sigma_A, so frame counts differ by arm; *_fixed_*: every arm forecasts the same fixed F frames","{""hostname"": ""orin-nx-a"", ""torch"": ""2.11.0+cu130"", ""cuda"": ""13.0"", ""device"": ""Orin"", ""l4t"": ""# R39 (release), REVISION: 2.1, GCID: 46758480, BOARD: generic, EABI: aarch64, DATE: Fri Aug  7 05:54:22 AM UTC 2026"", ""nvpmodel"": ""NV Power Mode: MAXN | 0""}","{""hostname"": ""baccus"", ""torch"": ""2.13.0+cu130"", ""cuda"": ""13.0"", ""device"": ""NVIDIA CMP 170HX""}",estimate (reported only)
H_true,ok,38.227877378463745,13.797824621200562,56.38645057678223,19.953865551948546,,,38.2278493642807,13.797816038131714,1.060793092143057,3.0159514361522977,22.568359375,22.568359375,2369,,9069.585639491399,,386.4519320551197,,0.09042285762643454,16,20,"early-stop columns (orin_*, dc_batch1_*): each arm forecasts until every state exceeds 0.3 sigma_A, so frame counts differ by arm; *_fixed_*: every arm forecasts the same fixed F frames","{""hostname"": ""orin-nx-a"", ""torch"": ""2.11.0+cu130"", ""cuda"": ""13.0"", ""device"": ""Orin"", ""l4t"": ""# R39 (release), REVISION: 2.1, GCID: 46758480, BOARD: generic, EABI: aarch64, DATE: Fri Aug  7 05:54:22 AM UTC 2026"", ""nvpmodel"": ""NV Power Mode: MAXN | 0""}","{""hostname"": ""baccus"", ""torch"": ""2.13.0+cu130"", ""cuda"": ""13.0"", ""device"": ""NVIDIA CMP 170HX""}",estimate (reported only)
O,ok,8.087870240211487,2.2647905349731445,11.180351114273073,3.1291442155838016,,,8.087870240211487,2.2647905349731445,5.310057957236501,19.00582322125866,18.47265625,18.47265625,2373,,7161.096693699314,,60.75402729107834,,0.0,20,20,"early-stop columns (orin_*, dc_batch1_*): each arm forecasts until every state exceeds 0.3 sigma_A, so frame counts differ by arm; *_fixed_*: every arm forecasts the same fixed F frames","{""hostname"": ""orin-nx-a"", ""torch"": ""2.11.0+cu130"", ""cuda"": ""13.0"", ""device"": ""Orin"", ""l4t"": ""# R39 (release), REVISION: 2.1, GCID: 46758480, BOARD: generic, EABI: aarch64, DATE: Fri Aug  7 05:54:22 AM UTC 2026"", ""nvpmodel"": ""NV Power Mode: MAXN | 0""}","{""hostname"": ""baccus"", ""torch"": ""2.13.0+cu130"", ""cuda"": ""13.0"", ""device"": ""NVIDIA CMP 170HX""}",estimate (reported only)
L0,ok,0.09955406188964844,0.03192722797393799,0.13554291725158696,0.04206233024597168,,,0.09955406188964844,0.03192722797393799,160.6717460872953,501.1619909447512,94.4013671875,94.4013671875,2590,,15618.947368421053,,1.5407831296920778,,0.0,20,20,"early-stop columns (orin_*, dc_batch1_*): each arm forecasts until every state exceeds 0.3 sigma_A, so frame counts differ by arm; *_fixed_*: every arm forecasts the same fixed F frames","{""hostname"": ""orin-nx-a"", ""torch"": ""2.11.0+cu130"", ""cuda"": ""13.0"", ""device"": ""Orin"", ""l4t"": ""# R39 (release), REVISION: 2.1, GCID: 46758480, BOARD: generic, EABI: aarch64, DATE: Fri Aug  7 05:54:22 AM UTC 2026"", ""nvpmodel"": ""NV Power Mode: MAXN | 0""}","{""hostname"": ""baccus"", ""torch"": ""2.13.0+cu130"", ""cuda"": ""13.0"", ""device"": ""NVIDIA CMP 170HX""}",estimate (reported only)
L_range,ok,0.15388154983520508,0.054430246353149414,0.2305975437164307,0.08236372470855714,,,0.15388154983520508,0.054430246353149414,170.38847503414937,483.674722366834,94.46484375,94.46484375,2567,,18063.1875,,3.0955443136297167,,0.0,20,20,"early-stop columns (orin_*, dc_batch1_*): each arm forecasts until every state exceeds 0.3 sigma_A, so frame counts differ by arm; *_fixed_*: every arm forecasts the same fixed F frames","{""hostname"": ""orin-nx-a"", ""torch"": ""2.11.0+cu130"", ""cuda"": ""13.0"", ""device"": ""Orin"", ""l4t"": ""# R39 (release), REVISION: 2.1, GCID: 46758480, BOARD: generic, EABI: aarch64, DATE: Fri Aug  7 05:54:22 AM UTC 2026"", ""nvpmodel"": ""NV Power Mode: MAXN | 0""}","{""hostname"": ""baccus"", ""torch"": ""2.13.0+cu130"", ""cuda"": ""13.0"", ""device"": ""NVIDIA CMP 170HX""}",estimate (reported only)
L0big,ok,0.7335464954376221,0.030177831649780273,1.0172151803970337,0.04176673889160157,,,0.7335464954376221,0.030177831649780273,19.76260372894688,480.53271471778805,458.52392578125,458.52392578125,3685,,16288.830985915492,,12.280951691332332,,0.0,20,20,"early-stop columns (orin_*, dc_batch1_*): each arm forecasts until every state exceeds 0.3 sigma_A, so frame counts differ by arm; *_fixed_*: every arm forecasts the same fixed F frames","{""hostname"": ""orin-nx-a"", ""torch"": ""2.11.0+cu130"", ""cuda"": ""13.0"", ""device"": ""Orin"", ""l4t"": ""# R39 (release), REVISION: 2.1, GCID: 46758480, BOARD: generic, EABI: aarch64, DATE: Fri Aug  7 05:54:22 AM UTC 2026"", ""nvpmodel"": ""NV Power Mode: MAXN | 0""}","{""hostname"": ""baccus"", ""torch"": ""2.13.0+cu130"", ""cuda"": ""13.0"", ""device"": ""NVIDIA CMP 170HX""}",estimate (reported only)
FNO_Re_id,ok,1.4474055767059326,0.5153931379318237,1.59629385471344,0.5680920362472535,1.2692958116531372,0.45129644870758057,0.1780705451965332,0.06387698650360107,165.73069165806768,462.4876795479571,94.40283203125,94.40283203125,3720,,18053.560283687944,,26.81417473686976,,0.0,20,20,"early-stop columns (orin_*, dc_batch1_*): each arm forecasts until every state exceeds 0.3 sigma_A, so frame counts differ by arm; *_fixed_*: every arm forecasts the same fixed F frames","{""hostname"": ""orin-nx-a"", ""torch"": ""2.11.0+cu130"", ""cuda"": ""13.0"", ""device"": ""Orin"", ""l4t"": ""# R39 (release), REVISION: 2.1, GCID: 46758480, BOARD: generic, EABI: aarch64, DATE: Fri Aug  7 05:54:22 AM UTC 2026"", ""nvpmodel"": ""NV Power Mode: MAXN | 0""}","{""hostname"": ""baccus"", ""torch"": ""2.13.0+cu130"", ""cuda"": ""13.0"", ""device"": ""NVIDIA CMP 170HX""}",estimate (reported only)
L_ft,ok,18.90670335292816,3.0444753170013428,18.96080849170685,3.0609500646591186,18.78102207183838,2.984092354774475,0.1320493221282959,0.05537247657775879,121.43063830108618,286.87188911588294,627.84375,627.84375,3922,,17542.068124474346,,331.77199285603314,,0.0,20,20,"early-stop columns (orin_*, dc_batch1_*): each arm forecasts until every state exceeds 0.3 sigma_A, so frame counts differ by arm; *_fixed_*: every arm forecasts the same fixed F frames","{""hostname"": ""orin-nx-a"", ""torch"": ""2.11.0+cu130"", ""cuda"": ""13.0"", ""device"": ""Orin"", ""l4t"": ""# R39 (release), REVISION: 2.1, GCID: 46758480, BOARD: generic, EABI: aarch64, DATE: Fri Aug  7 05:54:22 AM UTC 2026"", ""nvpmodel"": ""NV Power Mode: MAXN | 0""}","{""hostname"": ""baccus"", ""torch"": ""2.13.0+cu130"", ""cuda"": ""13.0"", ""device"": ""NVIDIA CMP 170HX""}",estimate (reported only)
