# git_sha=a9d2d4d5bb56275725243d742511929152bc677c-dirty; Adapt the Physics objections WO; Part 2 FNO-Re
world,Re,arm,w,eps,n,restricted_mean,ci95_lo,ci95_hi,seeds,per_seed,S1,S3,retention,H,H_retention,H_minus_arm,diff_ci95_lo,diff_ci95_hi,diff_ci90_lo,diff_ci90_hi,label
D,36,FNO_Re_true,11,0.1,300,2.2575102223719403,2.079771169990335,2.4367163655355264,3,2.251 2.267 2.255,0.9122222222222223,0.22,0.8468547439376554,2.450216675124659,0.9191442831316667,0.1927064527527187,0.11956738741153536,0.2713994801253413,0.13229206626895615,0.2581032517143531,learned (Re-conditioned FNO)
D,36,FNO_Re_id,11,0.1,300,2.2262451188735124,2.0524514710498223,2.4006207387237715,3,2.247 2.240 2.192,0.9077777777777778,0.2111111111111111,0.8351263358201824,2.450216675124659,0.9191442831316667,0.22397155625114662,0.1517486087325804,0.29873536992233524,0.16038860395885007,0.289462149204074,learned (Re-conditioned FNO)
D,36,FNO_Re_true,11,0.3,300,3.16897580290765,2.9654513839663093,3.380016859121285,3,3.164 3.188 3.156,0.9988888888888889,0.3377777777777778,0.8956695936735427,3.4222000536358763,0.9672401186204155,0.2532242507282265,0.1673825887888624,0.3432588774776985,0.18404669640590438,0.3285810377175014,learned (Re-conditioned FNO)
D,36,FNO_Re_id,11,0.3,300,3.1635840072088564,2.9615649896712766,3.3749966527578548,3,3.161 3.183 3.146,0.9988888888888889,0.34,0.8941456730875041,3.4222000536358763,0.9672401186204155,0.25861604642701996,0.17269271546525367,0.3499932708379611,0.1856044890275886,0.33410743848786006,learned (Re-conditioned FNO)
D,40,FNO_Re_true,11,0.1,300,2.9500568868476624,2.7802516333390153,3.129326786471744,3,2.957 2.945 2.948,0.9966666666666667,0.35555555555555557,0.8635142697296952,3.2499919888165705,0.9513085904757405,0.29993510196890805,0.2200028545716326,0.37887768804246025,0.23312061713243581,0.3665394373830964,learned (Re-conditioned FNO)
D,40,FNO_Re_id,11,0.1,300,2.9160971422899546,2.7549842772440587,3.0910583993232765,3,2.922 2.904 2.922,0.9966666666666667,0.35,0.8535738770027972,3.2499919888165705,0.9513085904757405,0.33389484652661583,0.2538172540564622,0.410122135147106,0.26721924328115465,0.3980317156606156,learned (Re-conditioned FNO)
D,40,FNO_Re_true,11,0.3,300,4.187090805235289,3.9638201057876166,4.422506746815966,3,4.193 4.175 4.194,1.0,0.6044444444444445,0.8978302983049725,4.530238401757046,0.9714108159671518,0.3431475965217574,0.25791737990496477,0.4285344218073879,0.2700404003495063,0.41461164719710786,learned (Re-conditioned FNO)
D,40,FNO_Re_id,11,0.3,300,4.16636176170895,3.952718625592437,4.4006248879812055,3,4.180 4.144 4.175,1.0,0.6,0.8933854070431066,4.530238401757046,0.9714108159671518,0.3638766400480957,0.2790558198183213,0.4504917259773264,0.2927370820318647,0.43593003407440356,learned (Re-conditioned FNO)
D,44,FNO_Re_true,11,0.1,300,3.2415779634698336,3.0892531018760168,3.4130392751958785,3,3.233 3.290 3.202,0.9977777777777778,0.4222222222222222,0.851484368771315,3.699913030252874,0.9718779392556632,0.45833506678304037,0.3781905030317183,0.5423154636189016,0.39040494034267903,0.5299344366750915,learned (Re-conditioned FNO)
D,44,FNO_Re_id,11,0.1,300,3.234572655832143,3.0772928205433745,3.411680928958814,3,3.247 3.276 3.181,0.9977777777777778,0.41333333333333333,0.8496442433696902,3.699913030252874,0.9718779392556632,0.4653403744207312,0.38526629089869097,0.5518922317431099,0.3951164368819313,0.5389003761455271,learned (Re-conditioned FNO)
D,44,FNO_Re_true,11,0.3,300,4.5908396198402,4.385760661319775,4.815939443019626,3,4.585 4.610 4.578,1.0,0.7455555555555555,0.9014174455402254,5.016993035545772,0.985093233675671,0.4261534157055715,0.337839438357889,0.5181701808852683,0.3526993831033332,0.5041586322130034,learned (Re-conditioned FNO)
D,44,FNO_Re_id,11,0.3,300,4.586146073476035,4.377478331460693,4.815192410041376,3,4.595 4.598 4.566,1.0,0.75,0.9004958614892763,5.016993035545772,0.985093233675671,0.4308469620697366,0.3415488133045655,0.5204056741067958,0.35640209778720144,0.5053759730362315,learned (Re-conditioned FNO)
D,50,FNO_Re_true,11,0.1,300,2.255648418412309,2.1698421500169136,2.338759583301228,3,2.277 2.180 2.310,0.9888888888888889,0.17444444444444446,0.6660436691586568,3.300132893839433,0.9744571021715913,1.044484475427124,0.9692275404214787,1.120540145675136,0.9794804877778982,1.1082828249746632,learned (Re-conditioned FNO)
D,50,FNO_Re_id,11,0.1,300,2.2422859294519584,2.160676788698056,2.3269870295874755,3,2.270 2.161 2.297,0.9877777777777778,0.16777777777777778,0.6620980182745936,3.300132893839433,0.9744571021715913,1.0578469643874748,0.9804449982592467,1.132737184470524,0.990421653550697,1.1213489279016833,learned (Re-conditioned FNO)
D,50,FNO_Re_true,11,0.3,300,3.4777635741544732,3.3519477030054246,3.6022557551377115,3,3.512 3.372 3.549,1.0,0.5455555555555556,0.7586221713315655,4.486960480960648,0.9787634007216442,1.0091969068061748,0.9278630418936326,1.0904200920618783,0.9404541764016261,1.0788234770550111,learned (Re-conditioned FNO)
D,50,FNO_Re_id,11,0.3,300,3.460382291521836,3.3332703594134765,3.5801448547020036,3,3.498 3.338 3.546,1.0,0.5388888888888889,0.7548307041745422,4.486960480960648,0.9787634007216442,1.026578189438812,0.9418881040788509,1.1138139866148686,0.9554366271624994,1.0990903621803694,learned (Re-conditioned FNO)
D,56,FNO_Re_true,11,0.1,300,1.6718986853094127,1.624475346758893,1.7214825404225986,3,1.709 1.634 1.673,0.9766666666666667,0.005555555555555556,0.5007663226729334,3.2752293976036877,0.9809951977112498,1.603330712294275,1.5126998852753852,1.6937341165170943,1.5287019217638682,1.6783972917071166,learned (Re-conditioned FNO)
D,56,FNO_Re_id,11,0.1,300,1.6897513748009163,1.6421062990242283,1.7396792068931581,3,1.710 1.632 1.727,0.9766666666666667,0.006666666666666667,0.506113551990736,3.2752293976036877,0.9809951977112498,1.5854780228027714,1.4935963704054955,1.6778230491470394,1.510422814529733,1.6608743652699143,learned (Re-conditioned FNO)
D,56,FNO_Re_true,11,0.3,300,2.817427309114556,2.7440777718120444,2.8969257902658136,3,2.899 2.722 2.831,1.0,0.3333333333333333,0.6206775343292102,4.457421591181505,0.9819672840289883,1.6399942820669486,1.5447599988039613,1.7393131800101733,1.5582513360663637,1.7213268268056952,learned (Re-conditioned FNO)
D,56,FNO_Re_id,11,0.3,300,2.8435809306626187,2.7686422765725665,2.9216040064243716,3,2.899 2.725 2.906,1.0,0.3522222222222222,0.626439161358137,4.457421591181505,0.9819672840289883,1.613840660518886,1.518952451823944,1.7121545478513647,1.5326760123534624,1.6942470302983856,learned (Re-conditioned FNO)
C,36,FNO_Re_true,11,0.1,300,2.714338443045589,2.6317311825622713,2.7956254679991512,1,2.714,1.0,0.33666666666666667,0.9179370201402024,2.511710393930421,0.8494121137939986,-0.20262804911516774,-0.2800708991721201,-0.13232105153212864,-0.2644940392665284,-0.14329011121393115,learned (Re-conditioned FNO)
C,36,FNO_Re_id,11,0.1,300,2.6962417566564127,2.6177679438597137,2.776196207430409,1,2.696,1.0,0.30666666666666664,0.9118170690998106,2.511710393930421,0.8494121137939986,-0.1845313627259917,-0.2606059936150353,-0.11439025143485386,-0.24792734545389167,-0.12732938220311452,learned (Re-conditioned FNO)
C,36,FNO_Re_true,11,0.3,300,3.8286007786263987,3.734662524733494,3.9243610398080313,1,3.829,1.0,0.8366666666666667,0.9287994891443166,3.6888724243245177,0.8949020859940398,-0.13972835430188102,-0.22532156803941192,-0.056195695082751504,-0.20983656252685684,-0.06656564476818597,learned (Re-conditioned FNO)
C,36,FNO_Re_id,11,0.3,300,3.823171772709646,3.732844630328036,3.915793903956064,1,3.823,1.0,0.8666666666666667,0.9274824393358876,3.6888724243245177,0.8949020859940398,-0.13429934838512825,-0.21497355373141952,-0.051982731652909245,-0.2049367475908768,-0.06728402837939233,learned (Re-conditioned FNO)
C,40,FNO_Re_true,11,0.1,300,2.718963643985904,2.645318889765179,2.7857842835689395,1,2.719,1.0,0.3333333333333333,0.8784696724922897,2.694493046950393,0.8705634699172663,-0.024470597035511243,-0.09303940697951993,0.0447232358977952,-0.08099540337667044,0.032728476530465865,learned (Re-conditioned FNO)
C,40,FNO_Re_id,11,0.1,300,2.7000993137634826,2.6262272784557403,2.765783547911432,1,2.700,1.0,0.3333333333333333,0.8723747980613895,2.694493046950393,0.8705634699172663,-0.005606266813089622,-0.07371672656494742,0.06190189805817334,-0.06039994887480211,0.04933514795518464,learned (Re-conditioned FNO)
C,40,FNO_Re_true,11,0.3,300,3.8355956245010545,3.7460355121619546,3.91833730422964,1,3.836,1.0,0.8566666666666667,0.9089244358270049,3.808170373334321,0.902425450171451,-0.027425251166733666,-0.1097066866941105,0.04985221242814882,-0.09645051729383561,0.03947872481487592,learned (Re-conditioned FNO)
C,40,FNO_Re_id,11,0.3,300,3.80900373732005,3.722409643166525,3.892194297195495,1,3.809,1.0,0.85,0.9026229331609844,3.808170373334321,0.902425450171451,-0.0008333639857291963,-0.08561110345217629,0.07727935760394097,-0.07138898943208001,0.06477889781799819,learned (Re-conditioned FNO)
C,44,FNO_Re_true,11,0.1,300,2.700843094152479,2.6312898900523685,2.7656546691778927,1,2.701,1.0,0.3233333333333333,0.8383768317003384,2.777751991858893,0.8622503540564759,0.07690889770641407,0.017039138353842187,0.14209989616784907,0.025791482644887044,0.13130378637480036,learned (Re-conditioned FNO)
C,44,FNO_Re_id,11,0.1,300,2.7050330462067023,2.636031519127065,2.769278977704796,1,2.705,1.0,0.3333333333333333,0.8396774473250673,2.777751991858893,0.8622503540564759,0.07271894565219084,0.014501889609895891,0.13705798719593343,0.022155535362277212,0.1270207242749271,learned (Re-conditioned FNO)
C,44,FNO_Re_true,11,0.3,300,3.846655315914136,3.755300394625216,3.9318719574436187,1,3.847,1.0,0.8633333333333333,0.8834926541348559,3.933899428687635,0.9035307200444816,0.08724411277349908,0.01702982734927726,0.1627679985508783,0.027462807964293946,0.15253287678286584,learned (Re-conditioned FNO)
C,44,FNO_Re_id,11,0.3,300,3.8433033542707578,3.7533520669200024,3.9293510029576613,1,3.843,1.0,0.86,0.8827227818053507,3.933899428687635,0.9035307200444816,0.09059607441687723,0.019918566515549952,0.1672279697374846,0.028580128512086488,0.15540532169115023,learned (Re-conditioned FNO)
C,50,FNO_Re_true,11,0.1,300,2.2977089870907776,2.2452182214374106,2.349209360939364,1,2.298,1.0,0.05333333333333334,0.7427961579509073,2.655240428616541,0.8583778014941303,0.3575314415257633,0.3060200633237903,0.40650356518381303,0.3138441585815568,0.40045392190961215,learned (Re-conditioned FNO)
C,50,FNO_Re_id,11,0.1,300,2.2911063750589076,2.239267617343687,2.3426067489074938,1,2.291,1.0,0.05,0.7406616862326576,2.655240428616541,0.8583778014941303,0.3641340535576334,0.3126336797090463,0.4129961336818183,0.32055131197059755,0.40639077056160167,learned (Re-conditioned FNO)
C,50,FNO_Re_true,11,0.3,300,3.37624566249675,3.3082387585684883,3.445903219432979,1,3.376,1.0,0.71,0.7986100265500548,3.802554312687826,0.8994481753344787,0.4263086501910762,0.3632509541983703,0.4928904903557927,0.3729265319134071,0.48377888575181166,learned (Re-conditioned FNO)
C,50,FNO_Re_id,11,0.3,300,3.3736046176840015,3.30460732195096,3.4442608196900513,1,3.374,1.0,0.71,0.7979853193815399,3.802554312687826,0.8994481753344787,0.4289496950038245,0.3665495091259589,0.49596895821565223,0.37678905995205136,0.4849673559175492,learned (Re-conditioned FNO)
C,56,FNO_Re_true,11,0.1,300,1.645134373917271,1.6049556924938917,1.6849477946004376,1,1.645,0.9766666666666667,0.0,0.5408261287223822,2.5249257435092036,0.8300512327889847,0.8797913695919326,0.8287705318632446,0.9311713803818296,0.8351078057059325,0.9227764710359454,learned (Re-conditioned FNO)
C,56,FNO_Re_id,11,0.1,300,1.7485031633974193,1.7039322215729844,1.793064973703349,1,1.749,0.9733333333333334,0.0033333333333333335,0.5748078770413064,2.5249257435092036,0.8300512327889847,0.7764225801117843,0.7246681770631695,0.8275712590995475,0.7317390162257849,0.8201382030362216,learned (Re-conditioned FNO)
C,56,FNO_Re_true,11,0.3,300,2.753335459722111,2.6952498705098122,2.810690527453985,1,2.753,1.0,0.29333333333333333,0.662390158172232,3.648467780402971,0.8777387229056826,0.8951323206808599,0.8303594160831698,0.9615062848564814,0.8405806291301167,0.9506641285511733,learned (Re-conditioned FNO)
C,56,FNO_Re_id,11,0.3,300,2.8581652921631098,2.79351414114549,2.919538228037321,1,2.858,1.0,0.35333333333333333,0.6876098418277682,3.648467780402971,0.8777387229056826,0.790302488239861,0.7271093363435899,0.8586153781781117,0.7357447090101142,0.8480197728724462,learned (Re-conditioned FNO)
