# git_sha=424c7ed903113826fdf49ed3edb67961138fa959; POST-FREEZE robustness check; frozen-seed codebook is primary
bits,quantity,frozen,refit_min,refit_max,refit_mean,refit_sd,frozen_minus_refit_mean,label
4,inertia,2341813.2484008754,2333431.6029784353,2345353.3214268736,2340630.048480408,4369.446870914596,1183.1999204675667,post-freeze robustness
4,delta_rel,0.2673409119283658,0.2668620596295817,0.26754290261994335,0.26727327325657174,0.0002495634695957277,6.763867179404581e-05,post-freeze robustness
4,O0_over_I0,8.560414757106094e-10,6.36787571020272e-30,3.135583233477511e-07,6.390925510159151e-08,1.3957428758257474e-07,-6.30532136258809e-08,post-freeze robustness
4,decomp_eps0.3_T_info,0.0724276,0.0724276,0.08148105,0.07785966999999999,0.0049587787882451485,-0.005432069999999997,post-freeze robustness
4,decomp_eps0.3_T_codebook,0.0181069,0.0181069,0.0181069,0.0181069,0.0,0.0,post-freeze robustness
4,decomp_eps0.3_T_codebook_bc,0.0181069,0.0181069,0.0181069,0.0181069,0.0,0.0,post-freeze robustness
4,decomp_eps0.3_T_projected_DI,0.0181069,0.0181069,0.0181069,0.0181069,0.0,0.0,post-freeze robustness
4,decomp_eps0.3_O_share_at_Tinfo,0.3072142424191855,0.30721424241918566,0.4810194210712182,0.4065712231242281,0.07587149251251314,-0.09935698070504262,post-freeze robustness
4,decomp_eps0.3_Obc_share_at_Tinfo,0.3071073373889506,0.3071073373889507,0.48091087807348176,0.40646343960377773,0.07587087478130257,-0.09935610221482716,post-freeze robustness
4,decomp_eps0.3_E_share_at_Tinfo,2.451109129177838e-18,-9.212383908266999e-18,0.00519687024449073,0.0016484238796749633,0.0023623842211116567,-0.001648423879674961,post-freeze robustness
4,decomp_eps0.1_T_info,0.0,0.0,0.0,0.0,0.0,0.0,post-freeze robustness
4,decomp_eps0.1_T_codebook,0.0,0.0,0.0,0.0,0.0,0.0,post-freeze robustness
4,decomp_eps0.1_T_codebook_bc,0.0,0.0,0.0,0.0,0.0,0.0,post-freeze robustness
4,decomp_eps0.1_T_projected_DI,0.0,0.0,0.0,0.0,0.0,0.0,post-freeze robustness
4,decomp_eps0.1_O_share_at_Tinfo,8.560414757106094e-10,6.36787571020272e-30,3.135583233477511e-07,6.390925510159151e-08,1.3957428758257474e-07,-6.30532136258809e-08,post-freeze robustness
4,decomp_eps0.1_Obc_share_at_Tinfo,0.0,0.0,0.0,0.0,0.0,0.0,post-freeze robustness
4,decomp_eps0.1_E_share_at_Tinfo,-5.424887815928631e-28,-1.3648606828005716e-23,-1.7778359054502454e-47,-2.745359734915519e-24,6.09519445833924e-24,2.744817246133926e-24,post-freeze robustness
4,decomp_eps0.5_T_info,0.20822934999999998,0.1991759,0.2172828,0.21004003999999998,0.007574659717224932,-0.0018106900000000037,post-freeze robustness
4,decomp_eps0.5_T_codebook,0.18106899999999998,0.17201555,0.19012245,0.17925830999999998,0.007574659717224929,0.0018106900000000037,post-freeze robustness
4,decomp_eps0.5_T_codebook_bc,0.18106899999999998,0.17201555,0.19012245,0.17925830999999998,0.007574659717224929,0.0018106900000000037,post-freeze robustness
4,decomp_eps0.5_T_projected_DI,0.18106899999999998,0.17201555,0.19012245,0.17925830999999998,0.007574659717224929,0.0018106900000000037,post-freeze robustness
4,decomp_eps0.5_O_share_at_Tinfo,0.14563707098176376,0.1364719299105606,0.21969023399156934,0.17400163990764134,0.0418599799737065,-0.028364568925877576,post-freeze robustness
4,decomp_eps0.5_Obc_share_at_Tinfo,0.1455454503288084,0.1363798094542064,0.21959187478192585,0.1739049541505851,0.04185814579579661,-0.02835950382177671,post-freeze robustness
4,decomp_eps0.5_E_share_at_Tinfo,0.02861033211428803,0.014390679199098836,0.04048025477205331,0.0254951551617859,0.009876594205350668,0.00311517695250213,post-freeze robustness
4,bound_D0.02_eps0.3_future,0.13705112609999998,0.11114015220000001,0.13705112609999998,0.12516937832,0.009941045943950793,0.01188174777999998,post-freeze robustness
4,bound_D0.02_eps0.3_future_nocross,0.0,0.0,0.0,0.0,0.0,0.0,post-freeze robustness
4,bound_D0.02_eps0.3_from_t0,0.1138018665,0.09265300729999999,0.11526852539999999,0.10604124915999999,0.009109656790116301,0.007760617340000012,post-freeze robustness
4,bound_D0.02_eps0.3_from_t0_nocross,0.0,0.0,0.0,0.0,0.0,0.0,post-freeze robustness
4,bound_D0.02_eps0.1_future,0.0201529797,0.0200443383,0.020641866000000002,0.02033042732,0.00023864042418638364,-0.00017744761999999997,post-freeze robustness
4,bound_D0.02_eps0.1_future_nocross,0.0,0.0,0.0,0.0,0.0,0.0,post-freeze robustness
4,bound_D0.02_eps0.1_from_t0,0.0026436074,0.0017020485999999998,0.0026436074,0.00227060526,0.0003779964455817516,0.0003730021400000002,post-freeze robustness
4,bound_D0.02_eps0.1_from_t0_nocross,0.0,0.0,0.0,0.0,0.0,0.0,post-freeze robustness
4,bound_D0.02_eps0.5_future,3.5077410956,2.6528057051999996,3.5077410956,3.03876514284,0.40962151476618297,0.46897595276000015,post-freeze robustness
4,bound_D0.02_eps0.5_future_nocross,0.0,0.0,0.0,0.0,0.0,0.0,post-freeze robustness
4,bound_D0.02_eps0.5_from_t0,3.4976555523000004,2.6450740588999997,3.4976555523000004,3.0262532749399993,0.409345324112154,0.47140227736000107,post-freeze robustness
4,bound_D0.02_eps0.5_from_t0_nocross,0.0,0.0,0.0,0.0,0.0,0.0,post-freeze robustness
4,bound_D0.02_p0_eps0.3,0.291,0.248,0.291,0.2704,0.015820872289478854,0.020600000000000007,post-freeze robustness
4,bound_D0.02_p0_eps0.1,0.898,0.898,0.935,0.916,0.014645818515876824,-0.018000000000000016,post-freeze robustness
4,bound_D0.02_p0_eps0.5,0.019,0.019,0.027,0.0238,0.003420526275297414,-0.004800000000000002,post-freeze robustness
4,bound_D0.05_eps0.3_future,0.263274326,0.23371481175000003,0.263274326,0.24854436284999998,0.013735668061558303,0.014729963150000025,post-freeze robustness
4,bound_D0.05_eps0.3_future_nocross,0.0,0.0,0.0,0.0,0.0,0.0,post-freeze robustness
4,bound_D0.05_eps0.3_from_t0,0.20573965125000002,0.18917183775000002,0.21103591950000003,0.2007693072,0.008881983546456178,0.0049703440500000196,post-freeze robustness
4,bound_D0.05_eps0.3_from_t0_nocross,0.0,0.0,0.0,0.0,0.0,0.0,post-freeze robustness
4,bound_D0.05_eps0.1_future,0.04884336274999999,0.04884336274999999,0.049431836999999985,0.04911496624999999,0.0002147214201183846,-0.00027160350000000194,post-freeze robustness
4,bound_D0.05_eps0.1_future_nocross,0.0,0.0,0.0,0.0,0.0,0.0,post-freeze robustness
4,bound_D0.05_eps0.1_from_t0,0.0048435957500000005,0.0030781730000000005,0.0048435957500000005,0.0040740525,0.0007193078551267401,0.0007695432500000009,post-freeze robustness
4,bound_D0.05_eps0.1_from_t0_nocross,0.0,0.0,0.0,0.0,0.0,0.0,post-freeze robustness
4,bound_D0.05_eps0.5_future,4.341240528499999,3.55678363425,4.39082888625,3.9425907304999996,0.40685902426505727,0.39864979799999967,post-freeze robustness
4,bound_D0.05_eps0.5_future_nocross,0.0010000000000000009,0.0,0.0020000000000000018,0.0006000000000000005,0.0008944271909999167,0.0004000000000000004,post-freeze robustness
4,bound_D0.05_eps0.5_from_t0,4.289228458249999,3.5080308060000003,4.3430719375,3.89057866025,0.40730025609478154,0.3986497979999992,post-freeze robustness
4,bound_D0.05_eps0.5_from_t0_nocross,0.0010000000000000009,0.0,0.0020000000000000018,0.0006000000000000005,0.0008944271909999167,0.0004000000000000004,post-freeze robustness
4,bound_D0.05_p0_eps0.3,0.291,0.248,0.291,0.2704,0.015820872289478854,0.020600000000000007,post-freeze robustness
4,bound_D0.05_p0_eps0.1,0.898,0.898,0.935,0.916,0.014645818515876824,-0.018000000000000016,post-freeze robustness
4,bound_D0.05_p0_eps0.5,0.019,0.019,0.027,0.0238,0.003420526275297414,-0.004800000000000002,post-freeze robustness
4,bound_D0.1_eps0.3_future,0.47150367600000004,0.42143809750000005,0.4908780590000001,0.45547906950000006,0.03061170796494974,0.016024606499999983,post-freeze robustness
4,bound_D0.1_eps0.3_future_nocross,0.0,0.0,0.0,0.0,0.0,0.0,post-freeze robustness
4,bound_D0.1_eps0.3_from_t0,0.36259067250000004,0.32773489,0.40622830150000006,0.36025488240000003,0.030905526638895942,0.0023357901000000125,post-freeze robustness
4,bound_D0.1_eps0.3_from_t0_nocross,0.0,0.0,0.0,0.0,0.0,0.0,post-freeze robustness
4,bound_D0.1_eps0.1_future,0.09877313949999998,0.09795832899999998,0.09995008799999998,0.09882746019999998,0.0008262978222153454,-5.4320699999999e-05,post-freeze robustness
4,bound_D0.1_eps0.1_future_nocross,0.0,0.0,0.0,0.0,0.0,0.0,post-freeze robustness
4,bound_D0.1_eps0.1_from_t0,0.009777726,0.0062468805,0.009777726,0.0080937843,0.0014005075575222094,0.0016839417000000002,post-freeze robustness
4,bound_D0.1_eps0.1_from_t0_nocross,0.0,0.0,0.0,0.0,0.0,0.0,post-freeze robustness
4,bound_D0.1_eps0.5_future,5.8003981255,5.3322933225,5.867344559,5.5675837491,0.2512306798814477,0.23281437640000036,post-freeze robustness
4,bound_D0.1_eps0.5_future_nocross,0.006000000000000005,0.0040000000000000036,0.009000000000000008,0.006200000000000006,0.002280350850198278,-0.00020000000000000052,post-freeze robustness
4,bound_D0.1_eps0.5_from_t0,5.719188678999999,5.205454487999999,5.759608504,5.4555703219,0.26771950072348416,0.2636183570999995,post-freeze robustness
4,bound_D0.1_eps0.5_from_t0_nocross,0.006000000000000005,0.0040000000000000036,0.008000000000000007,0.006000000000000005,0.0020000000000000018,0.0,post-freeze robustness
4,bound_D0.1_p0_eps0.3,0.291,0.248,0.291,0.2704,0.015820872289478854,0.020600000000000007,post-freeze robustness
4,bound_D0.1_p0_eps0.1,0.898,0.898,0.935,0.916,0.014645818515876824,-0.018000000000000016,post-freeze robustness
4,bound_D0.1_p0_eps0.5,0.019,0.019,0.027,0.0238,0.003420526275297414,-0.004800000000000002,post-freeze robustness
6,inertia,671196.398449685,669057.2250137491,673303.7067921365,671402.5493925185,1810.6212132004969,-206.1509428335121,post-freeze robustness
6,delta_rel,0.14312454022876847,0.14289628173968746,0.14334904320227446,0.14314641402486714,0.00019302938227503964,-2.18737960986648e-05,post-freeze robustness
6,O0_over_I0,3.092584846229731e-29,1.6710335431372884e-29,2.1161190658291444e-29,1.888640880594965e-29,1.7960596940450042e-30,1.203943965634766e-29,post-freeze robustness
6,decomp_eps0.3_T_info,0.2172828,0.2172828,0.22633625,0.21909349000000003,0.00404882592617909,-0.0018106900000000314,post-freeze robustness
6,decomp_eps0.3_T_codebook,0.1991759,0.1991759,0.20822934999999998,0.20098659,0.00404882592617909,-0.0018106900000000037,post-freeze robustness
6,decomp_eps0.3_T_codebook_bc,0.1991759,0.1991759,0.20822934999999998,0.20098659,0.00404882592617909,-0.0018106900000000037,post-freeze robustness
6,decomp_eps0.3_T_projected_DI,0.19012245,0.1991759,0.20822934999999998,0.20098659,0.00404882592617909,-0.010864139999999994,post-freeze robustness
6,decomp_eps0.3_O_share_at_Tinfo,0.20044091721678164,0.168548594051854,0.19090570862683326,0.17812488311727992,0.008502756689089999,0.022316034099501725,post-freeze robustness
6,decomp_eps0.3_Obc_share_at_Tinfo,0.200053237941795,0.16816518393648333,0.19051780443777266,0.17773228825964363,0.008501468568009752,0.02232094968215137,post-freeze robustness
6,decomp_eps0.3_E_share_at_Tinfo,0.04492213294455527,0.010212158625669609,0.029152470408499297,0.021647186460914868,0.007242857092672866,0.023274946483640403,post-freeze robustness
6,decomp_eps0.1_T_info,0.0,0.0,0.0,0.0,0.0,0.0,post-freeze robustness
6,decomp_eps0.1_T_codebook,0.0,0.0,0.0,0.0,0.0,0.0,post-freeze robustness
6,decomp_eps0.1_T_codebook_bc,0.0,0.0,0.0,0.0,0.0,0.0,post-freeze robustness
6,decomp_eps0.1_T_projected_DI,0.0,0.0,0.0,0.0,0.0,0.0,post-freeze robustness
6,decomp_eps0.1_O_share_at_Tinfo,3.092584846229731e-29,1.6710335431372884e-29,2.1161190658291444e-29,1.888640880594965e-29,1.7960596940450042e-30,1.203943965634766e-29,post-freeze robustness
6,decomp_eps0.1_Obc_share_at_Tinfo,0.0,0.0,0.0,0.0,0.0,0.0,post-freeze robustness
6,decomp_eps0.1_E_share_at_Tinfo,-1.7265028418679262e-46,-2.3227409706745616e-46,7.74953513471913e-46,6.876410193142691e-47,4.1155450821755695e-46,-2.4141438611821954e-46,post-freeze robustness
6,decomp_eps0.5_T_info,0.3440311,0.33497764999999996,0.3440311,0.3404097199999999,0.004958778788245156,0.003621380000000063,post-freeze robustness
6,decomp_eps0.5_T_codebook,0.3259242,0.3259242,0.33497764999999996,0.33135627,0.004958778788245126,-0.005432070000000011,post-freeze robustness
6,decomp_eps0.5_T_codebook_bc,0.33497764999999996,0.3259242,0.33497764999999996,0.33135627,0.004958778788245126,0.003621379999999952,post-freeze robustness
6,decomp_eps0.5_T_projected_DI,0.31687075,0.30781729999999996,0.3259242,0.31506006,0.007574659717224942,0.0018106900000000037,post-freeze robustness
6,decomp_eps0.5_O_share_at_Tinfo,0.06806845628221742,0.0579926548542337,0.06653976502052861,0.06278154311316775,0.003323908657507054,0.005286913169049667,post-freeze robustness
6,decomp_eps0.5_Obc_share_at_Tinfo,0.0677324524718645,0.0576524535304116,0.06619363667022128,0.06242762929517047,0.0033173795271859165,0.005304823176694035,post-freeze robustness
6,decomp_eps0.5_E_share_at_Tinfo,0.15940418086960678,0.14810717204473556,0.20814947245467527,0.17819143960444256,0.026713804024393693,-0.018787258734835777,post-freeze robustness
6,bound_D0.02_eps0.3_future,8.8230409421,8.1694434757,9.5515184541,8.798521100539999,0.5122440357162202,0.024519841560001865,post-freeze robustness
6,bound_D0.02_eps0.3_future_nocross,0.049000000000000044,0.031000000000000028,0.07699999999999996,0.04920000000000002,0.01688786546606761,-0.00019999999999997797,post-freeze robustness
6,bound_D0.02_eps0.3_from_t0,8.822769338599999,8.1232320548,9.539278189700001,8.77732826236,0.5231814378772546,0.04544107623999949,post-freeze robustness
6,bound_D0.02_eps0.3_from_t0_nocross,0.049000000000000044,0.030000000000000027,0.07699999999999996,0.04900000000000002,0.017161002301730482,2.0816681711721685e-17,post-freeze robustness
6,bound_D0.02_eps0.1_future,0.025802332499999994,0.025168590999999997,0.0266714637,0.026262247759999996,0.0006252257771872522,-0.0004599152600000024,post-freeze robustness
6,bound_D0.02_eps0.1_future_nocross,0.0,0.0,0.0,0.0,0.0,0.0,post-freeze robustness
6,bound_D0.02_eps0.1_from_t0,0.0075324704,0.0074781497,0.008546456799999998,0.00809016292,0.00040232374636734613,-0.0005576925199999999,post-freeze robustness
6,bound_D0.02_eps0.1_from_t0_nocross,0.0,0.0,0.0,0.0,0.0,0.0,post-freeze robustness
6,bound_D0.02_eps0.5_future,26.3157778303,26.070881652199997,26.4665827197,26.29843086212,0.16760876890454857,0.017346968180000033,post-freeze robustness
6,bound_D0.02_eps0.5_future_nocross,0.952,0.938,0.963,0.9503999999999999,0.011781341180018523,0.0016000000000000458,post-freeze robustness
6,bound_D0.02_eps0.5_from_t0,26.3157778303,26.070881652199997,26.4665827197,26.29843086212,0.16760876890454857,0.017346968180000033,post-freeze robustness
6,bound_D0.02_eps0.5_from_t0_nocross,0.952,0.938,0.963,0.9503999999999999,0.011781341180018523,0.0016000000000000458,post-freeze robustness
6,bound_D0.02_p0_eps0.3,0.01,0.011,0.016,0.0128,0.0019235384061671347,-0.0028000000000000004,post-freeze robustness
6,bound_D0.02_p0_eps0.1,0.735,0.695,0.738,0.709,0.017818529681205477,0.026000000000000023,post-freeze robustness
6,bound_D0.02_p0_eps0.5,0.0,0.0,0.0,0.0,0.0,0.0,post-freeze robustness
6,bound_D0.05_eps0.3_future,10.3456975365,9.921020916000002,11.4173323265,10.660393379800002,0.541894566950216,-0.31469584330000266,post-freeze robustness
6,bound_D0.05_eps0.3_future_nocross,0.08099999999999996,0.08199999999999996,0.128,0.10099999999999998,0.0173925271309261,-0.020000000000000018,post-freeze robustness
6,bound_D0.05_eps0.3_from_t0,10.314100996,9.867132169500001,11.375892073750002,10.611293908350001,0.5444480686145651,-0.2971929123500008,post-freeze robustness
6,bound_D0.05_eps0.3_from_t0_nocross,0.08099999999999996,0.08099999999999996,0.127,0.09999999999999998,0.0172916164657906,-0.019000000000000017,post-freeze robustness
6,bound_D0.05_eps0.1_future,0.06513957274999999,0.06414369324999998,0.06726713349999999,0.06556508489999999,0.001301226766253064,-0.0004255121500000014,post-freeze robustness
6,bound_D0.05_eps0.1_future_nocross,0.0,0.0,0.0,0.0,0.0,0.0,post-freeze robustness
6,bound_D0.05_eps0.1_from_t0,0.01760896025,0.0189217105,0.021683012749999998,0.019872322749999997,0.0011298691091256698,-0.0022633624999999977,post-freeze robustness
6,bound_D0.05_eps0.1_from_t0_nocross,0.0,0.0,0.0,0.0,0.0,0.0,post-freeze robustness
6,bound_D0.05_eps0.5_future,26.591973179999997,26.50528639625,26.6342942295,26.57655209125,0.05839670547023115,0.015421088749995704,post-freeze robustness
6,bound_D0.05_eps0.5_future_nocross,0.97,0.968,0.975,0.9716000000000001,0.0027018512172212617,-0.0016000000000001569,post-freeze robustness
6,bound_D0.05_eps0.5_from_t0,26.591973179999997,26.50528639625,26.6342942295,26.57655209125,0.05839670547023115,0.015421088749995704,post-freeze robustness
6,bound_D0.05_eps0.5_from_t0_nocross,0.97,0.968,0.975,0.9716000000000001,0.0027018512172212617,-0.0016000000000001569,post-freeze robustness
6,bound_D0.05_p0_eps0.3,0.01,0.011,0.016,0.0128,0.0019235384061671347,-0.0028000000000000004,post-freeze robustness
6,bound_D0.05_p0_eps0.1,0.735,0.695,0.738,0.709,0.017818529681205477,0.026000000000000023,post-freeze robustness
6,bound_D0.05_p0_eps0.5,0.0,0.0,0.0,0.0,0.0,0.0,post-freeze robustness
6,bound_D0.1_eps0.3_future,11.88677983,11.9338555135,12.740784998999999,12.209265155,0.35535692489657644,-0.3224853250000006,post-freeze robustness
6,bound_D0.1_eps0.3_future_nocross,0.138,0.138,0.17700000000000005,0.15380000000000002,0.014237275020171535,-0.01580000000000001,post-freeze robustness
6,bound_D0.1_eps0.3_from_t0,11.827932405,11.778234366500001,12.665237788,12.1089254541,0.37249669303255556,-0.2809930490999992,post-freeze robustness
6,bound_D0.1_eps0.3_from_t0_nocross,0.138,0.138,0.17500000000000004,0.1516,0.013921206844235897,-0.013600000000000001,post-freeze robustness
6,bound_D0.1_eps0.1_future,0.13118449049999997,0.12711043799999996,0.13227090449999998,0.13069560419999998,0.002049161960928197,0.000488886299999991,post-freeze robustness
6,bound_D0.1_eps0.1_future_nocross,0.0,0.0,0.0,0.0,0.0,0.0,post-freeze robustness
6,bound_D0.1_eps0.1_from_t0,0.034765248,0.037481283000000004,0.043184956499999996,0.040468921500000005,0.0022894669672032532,-0.005703673500000006,post-freeze robustness
6,bound_D0.1_eps0.1_from_t0_nocross,0.0,0.0,0.0,0.0,0.0,0.0,post-freeze robustness
6,bound_D0.1_eps0.5_future,26.822220876000003,26.638722761500002,26.815492945499997,26.728870438500003,0.06761843682586968,0.09335043749999983,post-freeze robustness
6,bound_D0.1_eps0.5_future_nocross,0.984,0.976,0.987,0.9818,0.004604345773288539,0.0021999999999999797,post-freeze robustness
6,bound_D0.1_eps0.5_from_t0,26.822220876000003,26.638722761500002,26.815492945499997,26.728870438500003,0.06761843682586968,0.09335043749999983,post-freeze robustness
6,bound_D0.1_eps0.5_from_t0_nocross,0.984,0.976,0.987,0.9818,0.004604345773288539,0.0021999999999999797,post-freeze robustness
6,bound_D0.1_p0_eps0.3,0.01,0.011,0.016,0.0128,0.0019235384061671347,-0.0028000000000000004,post-freeze robustness
6,bound_D0.1_p0_eps0.1,0.735,0.695,0.738,0.709,0.017818529681205477,0.026000000000000023,post-freeze robustness
6,bound_D0.1_p0_eps0.5,0.0,0.0,0.0,0.0,0.0,0.0,post-freeze robustness
