# git_sha=472f4bbd5b429655117278ca7ec49d3557801758; POST-FREEZE (Todd 2026-09-25), not pre-registered
system,fit,rates,slope_lyap_per_bit,ci95_lo,ci95_hi,H_by_rate,label
lorenz28,R4-12,4 5 6 7 8 9 10 11 12,0.2127753890266666,0.20390608619966646,0.22183611196483347,0.2912 0.4724 0.6151 0.7993 1.0741 1.2661 1.4943 1.7578 1.9624,post-freeze estimate (decode-and-integrate is a reference)
lorenz28,fit_rates_6-12,6 8 10 12,0.22311593783500003,0.21032911665849977,0.23623787246325006,0.6151 1.0741 1.4943 1.9624,post-freeze estimate (decode-and-integrate is a reference)
lorenz28,R6-12,6 7 8 9 10 11 12,0.2278307159249998,0.21612814562062482,0.2395423558462497,0.6151 0.7993 1.0741 1.2661 1.4943 1.7578 1.9624,post-freeze estimate (decode-and-integrate is a reference)
lorenz28,R8-12,8 9 10 11 12,0.22684324319999993,0.20888875803074913,0.24541571686624963,1.0741 1.2661 1.4943 1.7578 1.9624,post-freeze estimate (decode-and-integrate is a reference)
lorenz45,R4-12,4 5 6 7 8 9 10 11 12,0.22794589881599994,0.2192348460881998,0.2367075784163994,0.2664 0.4905 0.6498 0.9125 1.1237 1.3782 1.6171 1.8366 2.0759,post-freeze estimate (decode-and-integrate is a reference)
lorenz45,fit_rates_6-12,6 8 10 12,0.23858534016000005,0.22622051393280007,0.25176784253579987,0.6498 1.1237 1.6171 2.0759,post-freeze estimate (decode-and-integrate is a reference)
lorenz45,R6-12,6 7 8 9 10 11 12,0.2364273358971427,0.22520968511785744,0.24867785126699976,0.6498 0.9125 1.1237 1.3782 1.6171 1.8366 2.0759,post-freeze estimate (decode-and-integrate is a reference)
lorenz45,R8-12,8 9 10 11 12,0.236286015264,0.21670632800279918,0.25493934924719996,1.1237 1.3782 1.6171 1.8366 2.0759,post-freeze estimate (decode-and-integrate is a reference)
l96_5,R4-12,4 5 6 7 8 9 10 11 12,0.15820043067999992,0.15084064526099997,0.16580164909026665,0.0922 0.1522 0.2994 0.3875 0.5663 0.7458 0.9325 1.0839 1.3602,post-freeze estimate (decode-and-integrate is a reference)
l96_5,fit_rates_6-12,6 8 10 12,0.17744040283200005,0.16461397573279987,0.19053247054899977,0.2994 0.5663 0.9325 1.3602,post-freeze estimate (decode-and-integrate is a reference)
l96_5,R6-12,6 7 8 9 10 11 12,0.17648621484571414,0.16493333678242858,0.1880072787498569,0.2994 0.3875 0.5663 0.7458 0.9325 1.0839 1.3602,post-freeze estimate (decode-and-integrate is a reference)
l96_5,R8-12,8 9 10 11 12,0.19259957059199986,0.17343009022760045,0.2118664892184,0.5663 0.7458 0.9325 1.0839 1.3602,post-freeze estimate (decode-and-integrate is a reference)
l96_6,R4-12,4 5 6 7 8 9 10 11 12,0.10801054430999997,0.10285756905874924,0.11321800796549913,0.0460 0.0799 0.1419 0.2135 0.3103 0.4706 0.6019 0.7110 0.8986,post-freeze estimate (decode-and-integrate is a reference)
l96_6,fit_rates_6-12,6 8 10 12,0.12808726177000004,0.11971880819499946,0.13712334617049926,0.1419 0.3103 0.6019 0.8986,post-freeze estimate (decode-and-integrate is a reference)
l96_6,R6-12,6 7 8 9 10 11 12,0.12702784576428564,0.11967797822642763,0.13508094867142736,0.1419 0.2135 0.3103 0.4706 0.6019 0.7110 0.8986,post-freeze estimate (decode-and-integrate is a reference)
l96_6,R8-12,8 9 10 11 12,0.14171243859999993,0.12853992010699938,0.15492806515749905,0.3103 0.4706 0.6019 0.7110 0.8986,post-freeze estimate (decode-and-integrate is a reference)
l96_10,R4-12,4 5 6 7 8 9 10 11 12,0.03241971072133333,0.029227754080516796,0.035701473302283446,0.0258 0.0375 0.0367 0.0621 0.0984 0.1331 0.1724 0.2191 0.2903,post-freeze estimate (decode-and-integrate is a reference)
l96_10,fit_rates_6-12,6 8 10 12,0.04174340548600002,0.03712603268460031,0.04644148095845011,0.0367 0.0984 0.1724 0.2903,post-freeze estimate (decode-and-integrate is a reference)
l96_10,R6-12,6 7 8 9 10 11 12,0.0410277174585714,0.036583813047821566,0.04531792335900004,0.0367 0.0621 0.0984 0.1331 0.1724 0.2191 0.2903,post-freeze estimate (decode-and-integrate is a reference)
l96_10,R8-12,8 9 10 11 12,0.046983383475999986,0.04019279260120042,0.053063393612000326,0.0984 0.1331 0.1724 0.2191 0.2903,post-freeze estimate (decode-and-integrate is a reference)
l96_20,R4-12,4 5 6 7 8 9 10 11 12,0.00010565085200000141,2.690471451666564e-05,0.00020614863548333362,0.0311 0.0311 0.0311 0.0311 0.0311 0.0311 0.0318 0.0311 0.0323,post-freeze estimate (decode-and-integrate is a reference)
l96_20,fit_rates_6-12,6 8 10 12,0.00021907014900000095,5.2786583774998664e-05,0.0004381402979999988,0.0311 0.0311 0.0318 0.0323,post-freeze estimate (decode-and-integrate is a reference)
l96_20,R6-12,6 7 8 9 10 11 12,0.00015647867785714443,3.770470269642887e-05,0.00031295735571428457,0.0311 0.0311 0.0311 0.0311 0.0318 0.0311 0.0323,post-freeze estimate (decode-and-integrate is a reference)
l96_20,R8-12,8 9 10 11 12,0.000242375484000005,2.4859024000002066e-05,0.0005344690160000035,0.0311 0.0311 0.0318 0.0311 0.0323,post-freeze estimate (decode-and-integrate is a reference)
