# git_sha=100b1597e175f81284be2faf5d5bf08b505ef6f3-dirty; POST-FREEZE (Todd 2026-09-25), not pre-registered
system,fit,slope_lyap_per_bit,d_eff,slope_x_deff,slope_x_deff_lo,slope_x_deff_hi,implied_r,implied_r_lo,implied_r_hi,local_r_codebook_scales_median,local_r_codebook_scales_min,local_r_codebook_scales_max,local_r_scale_range,local_r_ls_whole_range,rates_below_tolerance,note,implied_r_R8_minus_R6,settle_ci95_lo,settle_ci95_hi,label
lorenz28,R4-12,0.2127753890266666,2.029837083614139,0.43189937512675275,0.4136402542334253,0.4502711387697674,1.6048811840872013,1.5393995326682575,1.6757246784143447,1.6525719195000002,1.487567184,1.833951086,0.0184-0.2673 sigma_A,1.204344992,4 5 6 7 8 9 10 11 12,,,,,post-freeze estimate
lorenz28,fit_rates_6-12,0.22311593783500003,2.029837083614139,0.45288900456282993,0.42676481965456436,0.47962365029725956,1.5305012344670073,1.4451897443635509,1.6241900671996847,1.6525719195000002,1.487567184,1.833951086,0.0184-0.2673 sigma_A,1.204344992,4 5 6 7 8 9 10 11 12,,,,,post-freeze estimate
lorenz28,R6-12,0.2278307159249998,2.029837083614139,0.4624592359709229,0.4389843380698657,0.48634430310490046,1.4988287110423866,1.4252190809804883,1.5789792965992597,1.6525719195000002,1.487567184,1.833951086,0.0184-0.2673 sigma_A,1.204344992,4 5 6 7 8 9 10 11 12,,,,,post-freeze estimate
lorenz28,R8-12,0.22684324319999993,2.029837083614139,0.4604548272146607,0.423831965138751,0.4982514009666248,1.505353271574684,1.3911595365806424,1.6354292225340017,1.6525719195000002,1.487567184,1.833951086,0.0184-0.2673 sigma_A,1.204344992,4 5 6 7 8 9 10 11 12,,0.006524560532297441,-0.06933258456769328,0.09270149924933523,post-freeze estimate
lorenz45,R4-12,0.22794589881599994,2.0302328841612836,0.4627832595859437,0.4452114798465293,0.480944786520082,1.497779286960618,1.4412198658181063,1.5568942221218072,1.4629404545,1.348375028,1.547286001,0.0212-0.3135 sigma_A,1.172807546,5 6 7 8 9 10 11 12,,,,,post-freeze estimate
lorenz45,fit_rates_6-12,0.23858534016000005,2.0302328841612836,0.4843838032716378,0.4593379620616834,0.5110646314395829,1.4309875265817569,1.356280867629681,1.5090134888075464,1.4629404545,1.348375028,1.547286001,0.0212-0.3135 sigma_A,1.172807546,5 6 7 8 9 10 11 12,,,,,post-freeze estimate
lorenz45,R6-12,0.2364273358971427,2.0302328841612836,0.4800025520530246,0.45721346617563285,0.5046772913402308,1.4440489484801222,1.3734463440140738,1.51602529759718,1.4629404545,1.348375028,1.547286001,0.0212-0.3135 sigma_A,1.172807546,5 6 7 8 9 10 11 12,,,,,post-freeze estimate
lorenz45,R8-12,0.236286015264,2.0302328841612836,0.4797156382564078,0.44002280956354217,0.5174228719647564,1.4449126217341668,1.3396145496381977,1.575252840556412,1.4629404545,1.348375028,1.547286001,0.0212-0.3135 sigma_A,1.172807546,5 6 7 8 9 10 11 12,,0.0008636732540445724,-0.06772522233474927,0.08891619628140507,post-freeze estimate
l96_5,R4-12,0.15820043067999992,2.686008705421761,0.42492773400795164,0.4049377739022172,0.44515452488261154,1.6312119098984827,1.557093425725168,1.71173751999281,1.6771423775,1.13610577,1.874055172,0.0476-0.3769 sigma_A,1.087339709,5 6 7 8 9 10 11 12,,,,,post-freeze estimate
l96_5,fit_rates_6-12,0.17744040283200005,2.686008705421761,0.47660646670029627,0.4430547053572271,0.5116228755530893,1.45433859796077,1.354800994704694,1.5644732483009962,1.6771423775,1.13610577,1.874055172,0.0476-0.3769 sigma_A,1.087339709,5 6 7 8 9 10 11 12,,,,,post-freeze estimate
l96_5,R6-12,0.17648621484571414,2.686008705421761,0.47404350946252344,0.4436092360705232,0.5044889908449376,1.4622016053881728,1.3739589933440899,1.5625174688488825,1.6771423775,1.13610577,1.874055172,0.0476-0.3769 sigma_A,1.087339709,5 6 7 8 9 10 11 12,,,,,post-freeze estimate
l96_5,R8-12,0.19259957059199986,2.686008705421761,0.5173241232706046,0.4657963543910236,0.5686605091509498,1.339870207825917,1.2189121093126918,1.4880906646375438,1.6771423775,1.13610577,1.874055172,0.0476-0.3769 sigma_A,1.087339709,5 6 7 8 9 10 11 12,,-0.12233139756225575,-0.1839447719689859,-0.043552057971357194,post-freeze estimate
l96_6,R4-12,0.10801054430999997,3.86312478702378,0.41725821098389115,0.397544703688266,0.43759783613230113,1.6611948244841255,1.5839822007257716,1.7435704257825184,1.089699659,1.06810686,1.111292458,0.1276-0.5384 sigma_A,1.008880327,8 9 10 11 12,,,,,post-freeze estimate
l96_6,fit_rates_6-12,0.12808726177000004,3.86312478702378,0.49481707584569057,0.46223143344582396,0.5297777810935868,1.4008149968860497,1.3083734452750924,1.4995673918490413,1.089699659,1.06810686,1.111292458,0.1276-0.5384 sigma_A,1.008880327,8 9 10 11 12,,,,,post-freeze estimate
l96_6,R6-12,0.12702784576428564,3.86312478702378,0.4907244196142455,0.46236499815019483,0.521799845633989,1.4124978355567115,1.3283775117255274,1.4991341995922605,1.089699659,1.06810686,1.111292458,0.1276-0.5384 sigma_A,1.008880327,8 9 10 11 12,,,,,post-freeze estimate
l96_6,R8-12,0.14171243859999993,3.86312478702378,0.5474528341852453,0.49625753791373917,0.5989130471481104,1.266131321781413,1.1573419436715453,1.3967489216813602,1.089699659,1.06810686,1.111292458,0.1276-0.5384 sigma_A,1.008880327,8 9 10 11 12,,-0.14636651377529852,-0.20515544826499033,-0.07255757511997483,post-freeze estimate
l96_10,R4-12,0.03241971072133333,6.313024735391492,0.20466643569801407,0.184525679498929,0.22541638810530498,3.386716430546951,3.0749635665181554,3.756372462133643,nan,nan,nan,no h curve (section R covers 4 systems),nan,12,,,,,post-freeze estimate
l96_10,fit_rates_6-12,0.04174340548600002,6.313024735391492,0.263527151372595,0.23445413252516653,0.2933807820276574,2.6302685584754806,2.36261958190287,2.95642981885893,nan,nan,nan,no h curve (section R covers 4 systems),nan,12,,,,,post-freeze estimate
l96_10,R6-12,0.0410277174585714,6.313024735391492,0.2590089951526146,0.23096312179063488,0.28612983807172315,2.676150996808144,2.4224918545654797,3.0011162623610526,nan,nan,nan,no h curve (section R covers 4 systems),nan,12,,,,,post-freeze estimate
l96_10,R8-12,0.046983383475999986,6.313024735391492,0.29660726203637183,0.2537305497331709,0.3349666540970538,2.336919115874335,2.069302039900564,2.73182426300819,nan,nan,nan,no h curve (section R covers 4 systems),nan,12,,-0.33923188093380885,-0.5212375835788212,-0.08867533357238852,post-freeze estimate
l96_20,R4-12,0.00010565085200000141,11.33744602152189,0.001197810831677814,0.0003038154523365929,0.002337898413389917,578.6783373707104,296.4551642488584,2277.8023911438318,nan,nan,nan,no h curve (section R covers 4 systems),nan,none,calibration distortion never falls below the 0.3 sigma_A tolerance within 4-12 bits (12-bit delta = 0.512 sigma_A); slope and r not meaningful as an exchange rate,,,,post-freeze estimate
l96_20,fit_rates_6-12,0.00021907014900000095,11.33744602152189,0.0024836959892142684,0.0005982470400528604,0.004951657684191289,279.0789144766572,139.9677873799949,1128.0314341470246,nan,nan,nan,no h curve (section R covers 4 systems),nan,none,calibration distortion never falls below the 0.3 sigma_A tolerance within 4-12 bits (12-bit delta = 0.512 sigma_A); slope and r not meaningful as an exchange rate,,,,post-freeze estimate
l96_20,R6-12,0.00015647867785714443,11.33744602152189,0.0017740685637244876,0.00042731931432348587,0.0035368983458509175,390.71048026731785,195.954902331993,1579.2440078057325,nan,nan,nan,no h curve (section R covers 4 systems),nan,none,calibration distortion never falls below the 0.3 sigma_A tolerance within 4-12 bits (12-bit delta = 0.512 sigma_A); slope and r not meaningful as an exchange rate,,,,post-freeze estimate
l96_20,R8-12,0.000242375484000005,11.33744602152189,0.002747918966790299,0.00028172449366720126,0.006061548928575265,252.2444034692822,114.34288952260641,2460.0148449976787,nan,nan,nan,no h curve (section R covers 4 systems),nan,none,calibration distortion never falls below the 0.3 sigma_A tolerance within 4-12 bits (12-bit delta = 0.512 sigma_A); slope and r not meaningful as an exchange rate,-138.46607679803566,-536.9956934578362,346.92412032235455,post-freeze estimate
