# git_sha=3d57072b6324df884cbcf97b485b6b519f9c29b8; POST-FREEZE EXTENSION (Amendment 1 a8_same_panel)
bits,delta,series,n_states,mean,ci95_lo,ci95_hi,diff_vs_pf,diff_ci95_lo,diff_ci95_hi,reading,label
4,0.02,history reference (particle filter),300,3.059945387333333,2.89383570455,3.238732917933333,,,,,reference
4,0.02,bound,300,0.13109395599999998,0.11660843600000002,0.14563983233333333,-2.928851431333333,-3.1085382713,-2.7610200841416668,a well below b,bound
4,0.02,A,300,0.11930032846666667,0.10618731148666669,0.13290615490833335,-2.940645058866666,-3.1162475857566667,-2.7797338670733334,a well below b,learned
4,0.02,B,300,1.5741414584,1.4667548665699999,1.6887222233816663,-1.485803928933333,-1.6793968681,-1.3174399370999998,a well below b,learned
4,0.02,C (sigma=0),300,2.5144327754,2.3585281414566666,2.680777546101667,-0.5455126119333329,-0.7665516883383333,-0.3298316690199997,a well below b,learned
4,0.02,D,300,1.9419167399333335,1.8288044445416667,2.0585284955316663,-1.1180286473999994,-1.29621502892,-0.9505929359733333,a well below b,learned
4,0.05,history reference (particle filter),300,2.453183168333333,2.295030713645833,2.620973775,,,,,reference
4,0.05,bound,300,0.26360628583333334,0.23433346416666667,0.29424466954166667,-2.1895768825,-2.356364065125,-2.0290290358333336,a well below b,bound
4,0.05,A,300,0.22809664305555555,0.20299595293055556,0.2544044598472222,-2.225086525277778,-2.394041506208333,-2.0638634421319444,a well below b,learned
4,0.05,B,300,1.4226993705555555,1.3110866785625,1.5329213520347222,-1.0304837977777777,-1.1869814829930554,-0.8764129401319447,a well below b,learned
4,0.05,C (sigma=0),300,3.098392371666667,2.9203411883333334,3.2788552934861106,0.6452092033333336,0.42753785943749967,0.8711958895694445,b well below a,learned
4,0.05,D,300,1.7014953336111112,1.586174499388889,1.841090730645833,-0.751687834722222,-0.9167221688333337,-0.5831276848055555,a well below b,learned
4,0.1,history reference (particle filter),300,2.1263536233333333,1.9645911054583336,2.2950571195416667,,,,,reference
4,0.1,bound,300,0.4647437666666667,0.4224867887916667,0.5078985449999999,-1.6616098566666666,-1.839970366208333,-1.4932005975833333,a well below b,bound
4,0.1,A,300,0.40006189611111115,0.3653544895972223,0.43778963413888894,-1.7262917272222222,-1.9031382987361114,-1.5614057690972223,a well below b,learned
4,0.1,B,300,1.320797761111111,1.21456558475,1.4358847145416664,-0.8055558622222223,-0.9694283369166669,-0.6487174152083333,a well below b,learned
4,0.1,C (sigma=0),300,3.316982892222222,3.099591953791667,3.5196921525694447,1.1906292688888889,0.9499785085000003,1.4277441540833329,b well below a,learned
4,0.1,D,300,1.5351633383333334,1.4135302375833336,1.6565172910416663,-0.5911902849999999,-0.7517507059027778,-0.4315150903194445,a well below b,learned
6,0.02,history reference (particle filter),300,3.701774636,3.514994417958334,3.917918210208333,,,,,reference
6,0.02,bound,300,8.851662548999998,8.052118496283335,9.657600756899999,5.149887912999999,4.337775653341667,5.956576285408333,b well below a,bound
6,0.02,A,300,1.3725392337999998,1.2912944788450003,1.45676891122,-2.3292354022,-2.534681419888334,-2.1353799129833333,a well below b,learned
6,0.02,B,300,1.5600905039999997,1.4694908191599998,1.652513251888333,-2.1416841320000004,-2.3439629510966666,-1.9449143372283335,a well below b,learned
6,0.02,C (sigma=0),300,2.5144327754,2.3585281414566666,2.680777546101667,-1.1873418606000001,-1.4251645243966666,-0.9551112110866664,a well below b,learned
6,0.02,D,300,2.1543710332666666,2.04794833208,2.2667804791566666,-1.5474036027333335,-1.7484535668833343,-1.3476844957333327,a well below b,learned
6,0.05,history reference (particle filter),300,3.0902442666666663,2.926505078875,3.2701136845416667,,,,,reference
6,0.05,bound,300,10.28658391,9.367703198770833,11.211621075520831,7.196339643333333,6.288255843645835,8.128959244166667,b well below a,bound
6,0.05,A,300,1.6412395941666666,1.5221263703333334,1.7636133174236108,-1.4490046724999996,-1.6415225144791663,-1.2656723100000002,a well below b,learned
6,0.05,B,300,1.6128218205555556,1.5169998542708334,1.7150755086111111,-1.4774224461111107,-1.6592559596666663,-1.3015818134861112,a well below b,learned
6,0.05,C (sigma=0),300,3.098392371666667,2.9203411883333334,3.2788552934861106,0.008148105000000516,-0.2064224322708335,0.2293050271458333,no frozen reading applies (a non-significant difference is not equivalence),learned
6,0.05,D,300,1.9604240036111114,1.8432799051527777,2.0809354825,-1.129820263055555,-1.296506851791667,-0.9677044091458336,a well below b,learned
6,0.1,history reference (particle filter),300,2.59109739,2.433537181833334,2.7598159752916667,,,,,reference
6,0.1,bound,300,11.751097288333334,10.758283590250002,12.800770521541665,9.159999898333334,8.166544577999998,10.202707867083333,b well below a,bound
6,0.1,A,300,1.8151161311111113,1.6986233780833333,1.9401845131666664,-0.7759812588888886,-0.9608854009027775,-0.6123124868194447,a well below b,learned
6,0.1,B,300,1.7078830455555554,1.6126080585416669,1.8128100162083334,-0.8832143444444445,-1.058552007625,-0.7270473616388895,a well below b,learned
6,0.1,C (sigma=0),300,3.316982892222222,3.099591953791667,3.5196921525694447,0.7258855022222224,0.4716847450000001,0.9723631636249997,b well below a,learned
6,0.1,D,300,1.9272783172222223,1.7841306984861112,2.090645307625,-0.6638190727777775,-0.8533505336805561,-0.4801245722777778,a well below b,learned
8,0.02,history reference (particle filter),300,4.232548231333333,4.046519449641666,4.4215088219166665,,,,,reference
8,0.02,bound,300,25.795466877666666,25.227620123633333,26.30911970048333,21.562918646333333,20.99685774686667,22.0943023444,b well below a,bound
8,0.02,A,300,1.485771738888889,1.3698055948694445,1.6033725336027775,-2.7467764924444444,-2.9647911129861106,-2.534032488711112,a well below b,learned
8,0.02,B,300,1.2557135149999998,1.175639270536111,1.3395534916944445,-2.9768347163333333,-3.1768269357416665,-2.7835013093999996,a well below b,learned
8,0.02,C (sigma=0),300,2.5144327754,2.3585281414566666,2.680777546101667,-1.7181154559333334,-1.952780879933333,-1.485842255205,a well below b,learned
8,0.02,D,300,2.3795685604444445,2.239314021952777,2.5226482783055553,-1.8529796708888888,-2.054155880369445,-1.6421494658916669,a well below b,learned
8,0.05,history reference (particle filter),300,3.6245487075,3.4387907748541666,3.8018680702916674,,,,,reference
8,0.05,bound,300,26.169284420833332,25.704351128854167,26.594903949541667,22.54473571333333,22.078310681999998,22.982432326666668,b well below a,bound
8,0.05,A,300,1.9061536005555555,1.7573073380138886,2.044602227256944,-1.7183951069444443,-1.9531837584583338,-1.484264087979167,a well below b,learned
8,0.05,B,300,1.4834077825,1.3830502892500003,1.5840104733541667,-2.1411409249999998,-2.344100412645833,-1.9321734673402784,a well below b,learned
8,0.05,C (sigma=0),300,3.098392371666667,2.9203411883333334,3.2788552934861106,-0.526156335833333,-0.7577800521180555,-0.28210424457638916,a well below b,learned
8,0.05,D,300,2.1983285508333332,2.062462672229167,2.336597365958333,-1.4262201566666666,-1.6332008850208337,-1.2162480175416663,a well below b,learned
8,0.1,history reference (particle filter),300,3.1735360066666667,2.9864238287916667,3.3660802545416666,,,,,reference
8,0.1,bound,300,26.283715971666666,25.827584624083332,26.674664844041665,23.110179965,22.647386713041666,23.532528655666667,b well below a,bound
8,0.1,A,300,2.1767511616666666,2.0460797000000004,2.3083732355833324,-0.9967848450000001,-1.1979902267083333,-0.7894507806111114,a well below b,learned
8,0.1,B,300,1.6581896644444447,1.5296181002083336,1.8000320774722223,-1.515346342222222,-1.721083478625,-1.300424983763889,a well below b,learned
8,0.1,C (sigma=0),300,3.316982892222222,3.099591953791667,3.5196921525694447,0.14344688555555551,-0.12393418595833314,0.4009697559583338,no frozen reading applies (a non-significant difference is not equivalence),learned
8,0.1,D,300,2.093057046111111,1.9798813765694445,2.204515075,-1.0804789605555558,-1.2718211114583338,-0.8923683883333333,a well below b,learned
10,0.02,history reference (particle filter),300,3.903002651333333,3.6659154294583334,4.141671209141666,,,,,reference (unreliable)
10,0.02,bound,300,27.0,27.0,27.0,23.09699734866667,22.858328790858334,23.334084570541666,b well below a (particle filter unreliable here),bound
10,0.02,A,300,1.6422153548888887,1.545785047061111,1.7399941237972223,-2.260787296444444,-2.51547744293611,-2.0086185357777784,a well below b (particle filter unreliable here),learned
10,0.02,B,300,1.0560950018888888,0.9892523746,1.1251109601472222,-2.846907649444444,-3.0893198088277782,-2.5889517223500005,a well below b (particle filter unreliable here),learned
10,0.02,C (sigma=0),300,2.5144327754,2.3585281414566666,2.680777546101667,-1.388569875933333,-1.6600668470049997,-1.1214173537350005,a well below b (particle filter unreliable here),learned
10,0.02,D,300,2.315128115222222,2.1988969063055555,2.4407145558055556,-1.5878745361111108,-1.8348159353416662,-1.3478459489250005,a well below b (particle filter unreliable here),learned
10,0.05,history reference (particle filter),300,3.530241936666666,3.3185307806875,3.7440995147499994,,,,,reference (unreliable)
10,0.05,bound,300,27.0,27.0,27.0,23.469758063333334,23.255900485250002,23.6814692193125,b well below a (particle filter unreliable here),bound
10,0.05,A,300,2.3594799608333332,2.2410205972777777,2.4800618554444442,-1.170761975833333,-1.3866867583333335,-0.9379801724027785,a well below b (particle filter unreliable here),learned
10,0.05,B,300,1.4821000619444447,1.4004165667430557,1.5684787769097221,-2.0481418747222215,-2.2525989538888886,-1.8236552948541669,a well below b (particle filter unreliable here),learned
10,0.05,C (sigma=0),300,3.098392371666667,2.9203411883333334,3.2788552934861106,-0.4318495649999994,-0.6724223651249999,-0.17108505652777767,a well below b (particle filter unreliable here),learned
10,0.05,D,300,2.2887624569444447,2.163721738208334,2.420256273652778,-1.2414794797222215,-1.4598738421944448,-1.003431586208333,a well below b (particle filter unreliable here),learned
10,0.1,history reference (particle filter),300,3.2888166033333333,3.0896256142499996,3.4991961477083326,,,,,reference (unreliable)
10,0.1,bound,300,27.0,27.0,27.0,23.711183396666666,23.500803852291664,23.91037438575,b well below a (particle filter unreliable here),bound
10,0.1,A,300,2.2862979066666664,2.166588664041667,2.410134013583334,-1.0025186966666668,-1.219509774388889,-0.779864183,a well below b (particle filter unreliable here),learned
10,0.1,B,300,1.7141198666666666,1.6217721618194445,1.8155310809027778,-1.5746967366666667,-1.7879658404999998,-1.361284286541667,a well below b (particle filter unreliable here),learned
10,0.1,C (sigma=0),300,3.316982892222222,3.099591953791667,3.5196921525694447,0.028166288888888946,-0.24969163615277795,0.2874998492916665,no frozen reading applies (a non-significant difference is not equivalence) (particle filter unreliable here),learned
10,0.1,D,300,2.2477704472222224,2.125747545152778,2.375333557722223,-1.0410461561111108,-1.2552281494861108,-0.8292708715277776,a well below b (particle filter unreliable here),learned
