# git_sha=f750ca1fe9437d18a4ab0ece91862bab9a299969-dirty; k-means decode-and-integrate horizons; reference
system,rate_bits,H_mean,H_ci95_lo,H_ci95_hi,frac_no_cross,delta_panel_over_sigma_A,label
lorenz28,4,0.2911770589,0.264957815,0.3203128717,0,0.2670825456,reference
lorenz28,5,0.4723728072,0.4397224451,0.5067424194,0,0.1978448531,reference
lorenz28,6,0.6150551792,0.5756663343,0.6555068991,0,0.1449011224,reference
lorenz28,7,0.7993472074,0.7587995209,0.8421383388,0,0.1037547555,reference
lorenz28,8,1.074065094,1.019778797,1.126107946,0,0.07366908893,reference
lorenz28,9,1.266070662,1.206369496,1.326777213,0,0.05470605934,reference
lorenz28,10,1.494326243,1.428268651,1.561493789,0,0.03878954084,reference
lorenz28,11,1.757817852,1.686563579,1.828076245,0,0.02756387864,reference
lorenz28,12,1.962407715,1.887277208,2.035197906,0,0.02019302928,reference
lorenz45,4,0.2663668238,0.2418660101,0.292884408,0,0.3123517666,reference
lorenz45,5,0.4905145426,0.4554006187,0.5269999189,0,0.2319849792,reference
lorenz45,6,0.6497901878,0.6107259704,0.6897038916,0,0.1656937075,reference
lorenz45,7,0.9125111477,0.8638261028,0.9597639757,0,0.1190556523,reference
lorenz45,8,1.123655285,1.073535592,1.177302351,0,0.08561336718,reference
lorenz45,9,1.378233815,1.314645086,1.440469929,0,0.0625927004,reference
lorenz45,10,1.617086519,1.552667748,1.68561114,0,0.04474653382,reference
lorenz45,11,1.836640449,1.768725294,1.907596861,0,0.03182015422,reference
lorenz45,12,2.075882044,2.003519543,2.14722978,0,0.02329880037,reference
l96_5,4,0.0921578896,0.08004334194,0.1042736212,0,0.3728599978,reference
l96_5,5,0.1521789118,0.137383924,0.1671067377,0,0.2883228406,reference
l96_5,6,0.2993663326,0.2731584,0.3296849049,0,0.223043357,reference
l96_5,7,0.3874988262,0.3629315977,0.4136700567,0,0.16624438,reference
l96_5,8,0.5662927093,0.5305550068,0.6070041437,0,0.1295933643,reference
l96_5,9,0.7457685418,0.7046898492,0.7876011674,0,0.09929581764,reference
l96_5,10,0.9325279731,0.8793823272,0.9877185202,0,0.07931746949,reference
l96_5,11,1.083901806,1.028563977,1.144748508,0,0.06475173626,reference
l96_5,12,1.36022393,1.284677429,1.431660265,0,0.05139004157,reference
l96_6,4,0.0460324096,0.0365495818,0.0573133784,0,0.5369023036,reference
l96_6,5,0.0799320994,0.06386192401,0.0963808308,0,0.4453487194,reference
l96_6,6,0.1419017166,0.1223668074,0.1634798818,0,0.3740255291,reference
l96_6,7,0.213505584,0.1921360978,0.2361829812,0,0.3153227252,reference
l96_6,8,0.3102834254,0.284084511,0.3374339349,0,0.2667879389,reference
l96_6,9,0.4705640358,0.4336898422,0.5090480388,0,0.226275312,reference
l96_6,10,0.6018851122,0.5627410022,0.6421663098,0,0.1912343591,reference
l96_6,11,0.711022807,0.668510495,0.756070971,0,0.160944054,reference
l96_6,12,0.8986162328,0.8482678116,0.9531770359,0,0.1362259386,reference
l96_10,4,0.02579681472,0.02392748032,0.02822694944,0,0.6612923063,reference
l96_10,5,0.03752688808,0.02937191676,0.04832696758,0,0.5955117402,reference
l96_10,6,0.03670905428,0.03166126723,0.04299585953,0,0.5360316627,reference
l96_10,7,0.06213200212,0.05084414318,0.0740741281,0,0.4829391441,reference
l96_10,8,0.09839708948,0.07881581164,0.1195246574,0,0.4381879977,reference
l96_10,9,0.133119976,0.1110115917,0.1566326977,0,0.3985968274,reference
l96_10,10,0.172399365,0.1495929012,0.1971949175,0,0.361276458,reference
l96_10,11,0.2190859917,0.1946199094,0.2455177959,0,0.3274652469,reference
l96_10,12,0.290330999,0.2623318747,0.3187735061,0,0.2994531485,reference
l96_20,4,0.03107378,0.03107378,0.03107378,0,0.829715057,reference
l96_20,5,0.03107378,0.03107378,0.03107378,0,0.7867458005,reference
l96_20,6,0.03107378,0.03107378,0.03107378,0,0.7448322954,reference
l96_20,7,0.03107378,0.03107378,0.03107378,0,0.7049004501,reference
l96_20,8,0.03107378,0.03107378,0.03107378,0,0.6703816281,reference
l96_20,9,0.03107378,0.03107378,0.03107378,0,0.635271998,reference
l96_20,10,0.03181955072,0.03107378,0.0330935757,0,0.6053930388,reference
l96_20,11,0.03107378,0.03107378,0.03107378,0,0.5776072389,reference
l96_20,12,0.03228565742,0.03116700134,0.03368397752,0,0.5528722566,reference
