# git_sha=f750ca1fe9437d18a4ab0ece91862bab9a299969-dirty; all estimates; FSLE row stores lambda/FSLE so it shares the r axis
system,series,delta_or_scale_over_sigma_A,value,quantity,label
lorenz28,fresh,0.316227766,1.485100298,r central difference,estimate
lorenz28,fresh,0.177827941,1.7165596,r central difference,estimate
lorenz28,fresh,0.1,1.833951086,r central difference,estimate
lorenz28,fresh,0.05623413252,1.588584239,r central difference,estimate
lorenz28,fresh,0.0316227766,1.487567184,r central difference,estimate
lorenz28,fresh,0.0177827941,1.387156318,r central difference,estimate
lorenz28,fresh,0.01,1.272094195,r central difference,estimate
lorenz28,fresh,0.005623413252,1.145806317,r central difference,estimate
lorenz28,fresh,0.00316227766,1.055215815,r central difference,estimate
lorenz28,fresh,0.00177827941,1.038973237,r central difference,estimate
lorenz28,fresh,0.001,1.009319388,r central difference,estimate
lorenz28,fresh,0.0005623413252,1.008215082,r central difference,estimate
lorenz28,fresh,0.000316227766,1.049676167,r central difference,estimate
lorenz28,fresh,0.000177827941,0.9895583801,r central difference,estimate
lorenz28,fresh,0.0001,0.927326724,r central difference,estimate
lorenz28,aligned,0.316227766,0.912239371,r central difference,estimate
lorenz28,aligned,0.177827941,1.245676864,r central difference,estimate
lorenz28,aligned,0.1,2.092030538,r central difference,estimate
lorenz28,aligned,0.05623413252,2.0518615,r central difference,estimate
lorenz28,aligned,0.0316227766,1.736720771,r central difference,estimate
lorenz28,aligned,0.0177827941,1.436418935,r central difference,estimate
lorenz28,aligned,0.01,1.243435693,r central difference,estimate
lorenz28,aligned,0.005623413252,1.133529748,r central difference,estimate
lorenz28,aligned,0.00316227766,1.078886282,r central difference,estimate
lorenz28,aligned,0.00177827941,1.044537458,r central difference,estimate
lorenz28,aligned,0.001,0.9648419447,r central difference,estimate
lorenz28,aligned,0.0005623413252,0.962913196,r central difference,estimate
lorenz28,aligned,0.000316227766,1.008103186,r central difference,estimate
lorenz28,aligned,0.000177827941,1.006252519,r central difference,estimate
lorenz28,aligned,0.0001,1.006507379,r central difference,estimate
lorenz28,isotropic,0.316227766,1.595160164,r central difference,estimate
lorenz28,isotropic,0.177827941,1.678628337,r central difference,estimate
lorenz28,isotropic,0.1,1.647955943,r central difference,estimate
lorenz28,isotropic,0.05623413252,1.534970527,r central difference,estimate
lorenz28,isotropic,0.0316227766,1.438531316,r central difference,estimate
lorenz28,isotropic,0.0177827941,1.253090876,r central difference,estimate
lorenz28,isotropic,0.01,1.234071854,r central difference,estimate
lorenz28,isotropic,0.005623413252,1.168656315,r central difference,estimate
lorenz28,isotropic,0.00316227766,1.050786385,r central difference,estimate
lorenz28,isotropic,0.00177827941,1.04943362,r central difference,estimate
lorenz28,isotropic,0.001,0.9599040468,r central difference,estimate
lorenz28,isotropic,0.0005623413252,0.9843801733,r central difference,estimate
lorenz28,isotropic,0.000316227766,1.032025388,r central difference,estimate
lorenz28,isotropic,0.000177827941,0.9923228116,r central difference,estimate
lorenz28,isotropic,0.0001,1.021940341,r central difference,estimate
lorenz28,aligned_endpoint,0.316227766,0.8800914121,r central difference,estimate
lorenz28,aligned_endpoint,0.177827941,1.209401684,r central difference,estimate
lorenz28,aligned_endpoint,0.1,2.10938142,r central difference,estimate
lorenz28,aligned_endpoint,0.05623413252,2.027715794,r central difference,estimate
lorenz28,aligned_endpoint,0.0316227766,1.665612306,r central difference,estimate
lorenz28,aligned_endpoint,0.0177827941,1.416072786,r central difference,estimate
lorenz28,aligned_endpoint,0.01,1.233162354,r central difference,estimate
lorenz28,aligned_endpoint,0.005623413252,1.067618446,r central difference,estimate
lorenz28,aligned_endpoint,0.00316227766,1.005902296,r central difference,estimate
lorenz28,aligned_endpoint,0.00177827941,1.00944758,r central difference,estimate
lorenz28,aligned_endpoint,0.001,1.02743935,r central difference,estimate
lorenz28,aligned_endpoint,0.0005623413252,1.034880927,r central difference,estimate
lorenz28,aligned_endpoint,0.000316227766,1.038006435,r central difference,estimate
lorenz28,aligned_endpoint,0.000177827941,1.072733907,r central difference,estimate
lorenz28,aligned_endpoint,0.0001,1.069090429,r central difference,estimate
lorenz28,FSLE,1e-09,0.5191762935,lambda/FSLE (FSLE/lambda inverted),estimate
lorenz28,FSLE,2e-09,0.5267780093,lambda/FSLE (FSLE/lambda inverted),estimate
lorenz28,FSLE,4e-09,0.6672138318,lambda/FSLE (FSLE/lambda inverted),estimate
lorenz28,FSLE,8e-09,0.6764090345,lambda/FSLE (FSLE/lambda inverted),estimate
lorenz28,FSLE,1.6e-08,0.7644426509,lambda/FSLE (FSLE/lambda inverted),estimate
lorenz28,FSLE,3.2e-08,0.831565018,lambda/FSLE (FSLE/lambda inverted),estimate
lorenz28,FSLE,6.4e-08,0.9661624093,lambda/FSLE (FSLE/lambda inverted),estimate
lorenz28,FSLE,1.28e-07,0.9324248972,lambda/FSLE (FSLE/lambda inverted),estimate
lorenz28,FSLE,2.56e-07,1.015482133,lambda/FSLE (FSLE/lambda inverted),estimate
lorenz28,FSLE,5.12e-07,0.9499924364,lambda/FSLE (FSLE/lambda inverted),estimate
lorenz28,FSLE,1.024e-06,0.99835868,lambda/FSLE (FSLE/lambda inverted),estimate
lorenz28,FSLE,2.048e-06,1.044700412,lambda/FSLE (FSLE/lambda inverted),estimate
lorenz28,FSLE,4.096e-06,1.004602014,lambda/FSLE (FSLE/lambda inverted),estimate
lorenz28,FSLE,8.192e-06,0.9278272959,lambda/FSLE (FSLE/lambda inverted),estimate
lorenz28,FSLE,1.6384e-05,0.9628317606,lambda/FSLE (FSLE/lambda inverted),estimate
lorenz28,FSLE,3.2768e-05,1.013888646,lambda/FSLE (FSLE/lambda inverted),estimate
lorenz28,FSLE,6.5536e-05,1.001624022,lambda/FSLE (FSLE/lambda inverted),estimate
lorenz28,FSLE,0.000131072,1.005464064,lambda/FSLE (FSLE/lambda inverted),estimate
lorenz28,FSLE,0.000262144,0.9989203188,lambda/FSLE (FSLE/lambda inverted),estimate
lorenz28,FSLE,0.000524288,1.043289784,lambda/FSLE (FSLE/lambda inverted),estimate
lorenz28,FSLE,0.001048576,1.09234828,lambda/FSLE (FSLE/lambda inverted),estimate
lorenz28,FSLE,0.002097152,0.9586260003,lambda/FSLE (FSLE/lambda inverted),estimate
lorenz28,FSLE,0.004194304,0.9872173335,lambda/FSLE (FSLE/lambda inverted),estimate
lorenz28,FSLE,0.008388608,0.9472364879,lambda/FSLE (FSLE/lambda inverted),estimate
lorenz28,FSLE,0.016777216,0.9809086931,lambda/FSLE (FSLE/lambda inverted),estimate
lorenz28,FSLE,0.033554432,0.9740514752,lambda/FSLE (FSLE/lambda inverted),estimate
lorenz28,FSLE,0.067108864,0.9768335465,lambda/FSLE (FSLE/lambda inverted),estimate
lorenz28,FSLE,0.134217728,1.014110689,lambda/FSLE (FSLE/lambda inverted),estimate
lorenz28,FSLE,0.268435456,1.04114772,lambda/FSLE (FSLE/lambda inverted),estimate
lorenz45,fresh,0.316227766,1.278877541,r central difference,estimate
lorenz45,fresh,0.177827941,1.348375028,r central difference,estimate
lorenz45,fresh,0.1,1.547286001,r central difference,estimate
lorenz45,fresh,0.05623413252,1.539541273,r central difference,estimate
lorenz45,fresh,0.0316227766,1.386339636,r central difference,estimate
lorenz45,fresh,0.0177827941,1.367330591,r central difference,estimate
lorenz45,fresh,0.01,1.254657017,r central difference,estimate
lorenz45,fresh,0.005623413252,1.150467948,r central difference,estimate
lorenz45,fresh,0.00316227766,1.141595159,r central difference,estimate
lorenz45,fresh,0.00177827941,1.075961801,r central difference,estimate
lorenz45,fresh,0.001,0.9620022411,r central difference,estimate
lorenz45,fresh,0.0005623413252,0.9448280842,r central difference,estimate
lorenz45,fresh,0.000316227766,0.9702588407,r central difference,estimate
lorenz45,fresh,0.000177827941,0.9830863465,r central difference,estimate
lorenz45,fresh,0.0001,1.010087993,r central difference,estimate
lorenz45,aligned,0.316227766,1.058576551,r central difference,estimate
lorenz45,aligned,0.177827941,1.349143136,r central difference,estimate
lorenz45,aligned,0.1,1.945738841,r central difference,estimate
lorenz45,aligned,0.05623413252,1.993899072,r central difference,estimate
lorenz45,aligned,0.0316227766,1.72419432,r central difference,estimate
lorenz45,aligned,0.0177827941,1.393271946,r central difference,estimate
lorenz45,aligned,0.01,1.293369367,r central difference,estimate
lorenz45,aligned,0.005623413252,1.193064993,r central difference,estimate
lorenz45,aligned,0.00316227766,1.069716945,r central difference,estimate
lorenz45,aligned,0.00177827941,1.044109385,r central difference,estimate
lorenz45,aligned,0.001,0.989452422,r central difference,estimate
lorenz45,aligned,0.0005623413252,0.968057763,r central difference,estimate
lorenz45,aligned,0.000316227766,0.9761776136,r central difference,estimate
lorenz45,aligned,0.000177827941,0.9737694292,r central difference,estimate
lorenz45,aligned,0.0001,0.9861564446,r central difference,estimate
lorenz45,isotropic,0.316227766,1.269962635,r central difference,estimate
lorenz45,isotropic,0.177827941,1.342071353,r central difference,estimate
lorenz45,isotropic,0.1,1.468063423,r central difference,estimate
lorenz45,isotropic,0.05623413252,1.50917818,r central difference,estimate
lorenz45,isotropic,0.0316227766,1.480637253,r central difference,estimate
lorenz45,isotropic,0.0177827941,1.256354208,r central difference,estimate
lorenz45,isotropic,0.01,1.198923417,r central difference,estimate
lorenz45,isotropic,0.005623413252,1.206988746,r central difference,estimate
lorenz45,isotropic,0.00316227766,1.105364192,r central difference,estimate
lorenz45,isotropic,0.00177827941,1.029763606,r central difference,estimate
lorenz45,isotropic,0.001,0.955597691,r central difference,estimate
lorenz45,isotropic,0.0005623413252,0.9664184267,r central difference,estimate
lorenz45,isotropic,0.000316227766,1.004007511,r central difference,estimate
lorenz45,isotropic,0.000177827941,0.990424806,r central difference,estimate
lorenz45,isotropic,0.0001,0.9686120475,r central difference,estimate
lorenz45,aligned_endpoint,0.316227766,1.124841281,r central difference,estimate
lorenz45,aligned_endpoint,0.177827941,1.464477688,r central difference,estimate
lorenz45,aligned_endpoint,0.1,2.031090706,r central difference,estimate
lorenz45,aligned_endpoint,0.05623413252,1.908346414,r central difference,estimate
lorenz45,aligned_endpoint,0.0316227766,1.635320778,r central difference,estimate
lorenz45,aligned_endpoint,0.0177827941,1.4057595,r central difference,estimate
lorenz45,aligned_endpoint,0.01,1.222470549,r central difference,estimate
lorenz45,aligned_endpoint,0.005623413252,1.12127323,r central difference,estimate
lorenz45,aligned_endpoint,0.00316227766,1.146263978,r central difference,estimate
lorenz45,aligned_endpoint,0.00177827941,1.106009441,r central difference,estimate
lorenz45,aligned_endpoint,0.001,1.001650835,r central difference,estimate
lorenz45,aligned_endpoint,0.0005623413252,1.018208649,r central difference,estimate
lorenz45,aligned_endpoint,0.000316227766,1.073693588,r central difference,estimate
lorenz45,aligned_endpoint,0.000177827941,0.9986941817,r central difference,estimate
lorenz45,aligned_endpoint,0.0001,0.9449223258,r central difference,estimate
lorenz45,FSLE,1e-09,0.726545831,lambda/FSLE (FSLE/lambda inverted),estimate
lorenz45,FSLE,2e-09,0.6421775176,lambda/FSLE (FSLE/lambda inverted),estimate
lorenz45,FSLE,4e-09,0.6714048614,lambda/FSLE (FSLE/lambda inverted),estimate
lorenz45,FSLE,8e-09,0.6897092087,lambda/FSLE (FSLE/lambda inverted),estimate
lorenz45,FSLE,1.6e-08,0.7867538086,lambda/FSLE (FSLE/lambda inverted),estimate
lorenz45,FSLE,3.2e-08,0.8597958688,lambda/FSLE (FSLE/lambda inverted),estimate
lorenz45,FSLE,6.4e-08,0.886866666,lambda/FSLE (FSLE/lambda inverted),estimate
lorenz45,FSLE,1.28e-07,0.9421654316,lambda/FSLE (FSLE/lambda inverted),estimate
lorenz45,FSLE,2.56e-07,1.071470567,lambda/FSLE (FSLE/lambda inverted),estimate
lorenz45,FSLE,5.12e-07,0.9951323217,lambda/FSLE (FSLE/lambda inverted),estimate
lorenz45,FSLE,1.024e-06,1.031986477,lambda/FSLE (FSLE/lambda inverted),estimate
lorenz45,FSLE,2.048e-06,1.084515044,lambda/FSLE (FSLE/lambda inverted),estimate
lorenz45,FSLE,4.096e-06,0.8981753863,lambda/FSLE (FSLE/lambda inverted),estimate
lorenz45,FSLE,8.192e-06,0.9754604082,lambda/FSLE (FSLE/lambda inverted),estimate
lorenz45,FSLE,1.6384e-05,0.9786513959,lambda/FSLE (FSLE/lambda inverted),estimate
lorenz45,FSLE,3.2768e-05,0.8990169655,lambda/FSLE (FSLE/lambda inverted),estimate
lorenz45,FSLE,6.5536e-05,1.070138067,lambda/FSLE (FSLE/lambda inverted),estimate
lorenz45,FSLE,0.000131072,1.050659015,lambda/FSLE (FSLE/lambda inverted),estimate
lorenz45,FSLE,0.000262144,0.9781604747,lambda/FSLE (FSLE/lambda inverted),estimate
lorenz45,FSLE,0.000524288,0.9630646481,lambda/FSLE (FSLE/lambda inverted),estimate
lorenz45,FSLE,0.001048576,1.061406683,lambda/FSLE (FSLE/lambda inverted),estimate
lorenz45,FSLE,0.002097152,0.9643445498,lambda/FSLE (FSLE/lambda inverted),estimate
lorenz45,FSLE,0.004194304,0.9864360034,lambda/FSLE (FSLE/lambda inverted),estimate
lorenz45,FSLE,0.008388608,0.9727778745,lambda/FSLE (FSLE/lambda inverted),estimate
lorenz45,FSLE,0.016777216,1.060565103,lambda/FSLE (FSLE/lambda inverted),estimate
lorenz45,FSLE,0.033554432,1.06501846,lambda/FSLE (FSLE/lambda inverted),estimate
lorenz45,FSLE,0.067108864,0.9561040869,lambda/FSLE (FSLE/lambda inverted),estimate
lorenz45,FSLE,0.134217728,0.8775040975,lambda/FSLE (FSLE/lambda inverted),estimate
lorenz45,FSLE,0.268435456,1.121649726,lambda/FSLE (FSLE/lambda inverted),estimate
l96_5,fresh,0.316227766,1.84967272,r central difference,estimate
l96_5,fresh,0.177827941,1.874055172,r central difference,estimate
l96_5,fresh,0.1,1.504612035,r central difference,estimate
l96_5,fresh,0.05623413252,1.13610577,r central difference,estimate
l96_5,fresh,0.0316227766,1.038329596,r central difference,estimate
l96_5,fresh,0.0177827941,1.050815582,r central difference,estimate
l96_5,fresh,0.01,1.088132385,r central difference,estimate
l96_5,fresh,0.005623413252,1.097901733,r central difference,estimate
l96_5,fresh,0.00316227766,1.101014415,r central difference,estimate
l96_5,fresh,0.00177827941,1.034714556,r central difference,estimate
l96_5,fresh,0.001,0.974092386,r central difference,estimate
l96_5,fresh,0.0005623413252,0.9975387761,r central difference,estimate
l96_5,fresh,0.000316227766,1.012925555,r central difference,estimate
l96_5,fresh,0.000177827941,0.9526851045,r central difference,estimate
l96_5,fresh,0.0001,0.8997134941,r central difference,estimate
l96_5,aligned,0.316227766,1.103683626,r central difference,estimate
l96_5,aligned,0.177827941,0.9906366032,r central difference,estimate
l96_5,aligned,0.1,0.9319269235,r central difference,estimate
l96_5,aligned,0.05623413252,0.9677485787,r central difference,estimate
l96_5,aligned,0.0316227766,1.048278147,r central difference,estimate
l96_5,aligned,0.0177827941,1.109830653,r central difference,estimate
l96_5,aligned,0.01,1.04526733,r central difference,estimate
l96_5,aligned,0.005623413252,1.009015685,r central difference,estimate
l96_5,aligned,0.00316227766,1.004205846,r central difference,estimate
l96_5,aligned,0.00177827941,0.9480189403,r central difference,estimate
l96_5,aligned,0.001,0.9699494289,r central difference,estimate
l96_5,aligned,0.0005623413252,1.000618157,r central difference,estimate
l96_5,aligned,0.000316227766,0.9786095522,r central difference,estimate
l96_5,aligned,0.000177827941,1.037124729,r central difference,estimate
l96_5,aligned,0.0001,1.068523466,r central difference,estimate
l96_5,isotropic,0.316227766,2.126466752,r central difference,estimate
l96_5,isotropic,0.177827941,2.116101328,r central difference,estimate
l96_5,isotropic,0.1,1.75619228,r central difference,estimate
l96_5,isotropic,0.05623413252,1.286017547,r central difference,estimate
l96_5,isotropic,0.0316227766,1.100515998,r central difference,estimate
l96_5,isotropic,0.0177827941,1.08569291,r central difference,estimate
l96_5,isotropic,0.01,1.148298073,r central difference,estimate
l96_5,isotropic,0.005623413252,1.149068786,r central difference,estimate
l96_5,isotropic,0.00316227766,1.089165897,r central difference,estimate
l96_5,isotropic,0.00177827941,1.078037963,r central difference,estimate
l96_5,isotropic,0.001,0.9933892261,r central difference,estimate
l96_5,isotropic,0.0005623413252,0.9713911796,r central difference,estimate
l96_5,isotropic,0.000316227766,1.002226961,r central difference,estimate
l96_5,isotropic,0.000177827941,1.03975957,r central difference,estimate
l96_5,isotropic,0.0001,1.102062563,r central difference,estimate
l96_5,aligned_endpoint,0.316227766,1.03893308,r central difference,estimate
l96_5,aligned_endpoint,0.177827941,0.991379924,r central difference,estimate
l96_5,aligned_endpoint,0.1,0.9034046264,r central difference,estimate
l96_5,aligned_endpoint,0.05623413252,0.955238096,r central difference,estimate
l96_5,aligned_endpoint,0.0316227766,1.032999851,r central difference,estimate
l96_5,aligned_endpoint,0.0177827941,1.025262677,r central difference,estimate
l96_5,aligned_endpoint,0.01,1.028211376,r central difference,estimate
l96_5,aligned_endpoint,0.005623413252,1.041255921,r central difference,estimate
l96_5,aligned_endpoint,0.00316227766,0.9979400716,r central difference,estimate
l96_5,aligned_endpoint,0.00177827941,0.9541733127,r central difference,estimate
l96_5,aligned_endpoint,0.001,0.9990227208,r central difference,estimate
l96_5,aligned_endpoint,0.0005623413252,1.036390779,r central difference,estimate
l96_5,aligned_endpoint,0.000316227766,1.043374184,r central difference,estimate
l96_5,aligned_endpoint,0.000177827941,0.9936978228,r central difference,estimate
l96_5,aligned_endpoint,0.0001,0.9610307592,r central difference,estimate
l96_5,FSLE,1e-09,0.4928175633,lambda/FSLE (FSLE/lambda inverted),estimate
l96_5,FSLE,2e-09,0.6054609922,lambda/FSLE (FSLE/lambda inverted),estimate
l96_5,FSLE,4e-09,0.930792596,lambda/FSLE (FSLE/lambda inverted),estimate
l96_5,FSLE,8e-09,0.9629178706,lambda/FSLE (FSLE/lambda inverted),estimate
l96_5,FSLE,1.6e-08,0.8878176965,lambda/FSLE (FSLE/lambda inverted),estimate
l96_5,FSLE,3.2e-08,0.9456322592,lambda/FSLE (FSLE/lambda inverted),estimate
l96_5,FSLE,6.4e-08,0.9194032228,lambda/FSLE (FSLE/lambda inverted),estimate
l96_5,FSLE,1.28e-07,1.067266939,lambda/FSLE (FSLE/lambda inverted),estimate
l96_5,FSLE,2.56e-07,1.017760401,lambda/FSLE (FSLE/lambda inverted),estimate
l96_5,FSLE,5.12e-07,0.9695588249,lambda/FSLE (FSLE/lambda inverted),estimate
l96_5,FSLE,1.024e-06,0.9917568294,lambda/FSLE (FSLE/lambda inverted),estimate
l96_5,FSLE,2.048e-06,1.046305573,lambda/FSLE (FSLE/lambda inverted),estimate
l96_5,FSLE,4.096e-06,1.020862246,lambda/FSLE (FSLE/lambda inverted),estimate
l96_5,FSLE,8.192e-06,0.9785569079,lambda/FSLE (FSLE/lambda inverted),estimate
l96_5,FSLE,1.6384e-05,0.9738699793,lambda/FSLE (FSLE/lambda inverted),estimate
l96_5,FSLE,3.2768e-05,0.8927574187,lambda/FSLE (FSLE/lambda inverted),estimate
l96_5,FSLE,6.5536e-05,1.014091479,lambda/FSLE (FSLE/lambda inverted),estimate
l96_5,FSLE,0.000131072,1.037778916,lambda/FSLE (FSLE/lambda inverted),estimate
l96_5,FSLE,0.000262144,0.9814674496,lambda/FSLE (FSLE/lambda inverted),estimate
l96_5,FSLE,0.000524288,0.9949406614,lambda/FSLE (FSLE/lambda inverted),estimate
l96_5,FSLE,0.001048576,0.9812761464,lambda/FSLE (FSLE/lambda inverted),estimate
l96_5,FSLE,0.002097152,0.8744606332,lambda/FSLE (FSLE/lambda inverted),estimate
l96_5,FSLE,0.004194304,1.005817615,lambda/FSLE (FSLE/lambda inverted),estimate
l96_5,FSLE,0.008388608,0.9861885395,lambda/FSLE (FSLE/lambda inverted),estimate
l96_5,FSLE,0.016777216,0.9755302179,lambda/FSLE (FSLE/lambda inverted),estimate
l96_5,FSLE,0.033554432,0.9854984815,lambda/FSLE (FSLE/lambda inverted),estimate
l96_5,FSLE,0.067108864,0.9078772045,lambda/FSLE (FSLE/lambda inverted),estimate
l96_5,FSLE,0.134217728,0.8575712927,lambda/FSLE (FSLE/lambda inverted),estimate
l96_5,FSLE,0.268435456,1.065408565,lambda/FSLE (FSLE/lambda inverted),estimate
l96_6,fresh,0.316227766,1.111292458,r central difference,estimate
l96_6,fresh,0.177827941,1.06810686,r central difference,estimate
l96_6,fresh,0.1,1.014823588,r central difference,estimate
l96_6,fresh,0.05623413252,1.003936181,r central difference,estimate
l96_6,fresh,0.0316227766,1.056071279,r central difference,estimate
l96_6,fresh,0.0177827941,1.0934918,r central difference,estimate
l96_6,fresh,0.01,1.012559827,r central difference,estimate
l96_6,fresh,0.005623413252,0.9534222829,r central difference,estimate
l96_6,fresh,0.00316227766,0.9335934642,r central difference,estimate
l96_6,fresh,0.00177827941,1.008848295,r central difference,estimate
l96_6,fresh,0.001,1.061841757,r central difference,estimate
l96_6,fresh,0.0005623413252,0.9940590855,r central difference,estimate
l96_6,fresh,0.000316227766,0.9753612999,r central difference,estimate
l96_6,fresh,0.000177827941,0.9767709626,r central difference,estimate
l96_6,fresh,0.0001,0.9829268831,r central difference,estimate
l96_6,aligned,0.316227766,0.7731921668,r central difference,estimate
l96_6,aligned,0.177827941,0.8971706916,r central difference,estimate
l96_6,aligned,0.1,1.050526449,r central difference,estimate
l96_6,aligned,0.05623413252,1.06191591,r central difference,estimate
l96_6,aligned,0.0316227766,1.051961768,r central difference,estimate
l96_6,aligned,0.0177827941,0.9956211249,r central difference,estimate
l96_6,aligned,0.01,0.9729586247,r central difference,estimate
l96_6,aligned,0.005623413252,0.9925505268,r central difference,estimate
l96_6,aligned,0.00316227766,1.005429714,r central difference,estimate
l96_6,aligned,0.00177827941,1.024480923,r central difference,estimate
l96_6,aligned,0.001,1.040054056,r central difference,estimate
l96_6,aligned,0.0005623413252,0.9829745371,r central difference,estimate
l96_6,aligned,0.000316227766,0.9579419394,r central difference,estimate
l96_6,aligned,0.000177827941,0.9904171912,r central difference,estimate
l96_6,aligned,0.0001,1.01143173,r central difference,estimate
l96_6,isotropic,0.316227766,1.125022776,r central difference,estimate
l96_6,isotropic,0.177827941,1.089613267,r central difference,estimate
l96_6,isotropic,0.1,1.011381277,r central difference,estimate
l96_6,isotropic,0.05623413252,0.9881003506,r central difference,estimate
l96_6,isotropic,0.0316227766,1.041211294,r central difference,estimate
l96_6,isotropic,0.0177827941,1.047505147,r central difference,estimate
l96_6,isotropic,0.01,1.02683303,r central difference,estimate
l96_6,isotropic,0.005623413252,1.001885678,r central difference,estimate
l96_6,isotropic,0.00316227766,0.9728030161,r central difference,estimate
l96_6,isotropic,0.00177827941,0.9775244501,r central difference,estimate
l96_6,isotropic,0.001,0.9693303806,r central difference,estimate
l96_6,isotropic,0.0005623413252,0.987026067,r central difference,estimate
l96_6,isotropic,0.000316227766,1.014265156,r central difference,estimate
l96_6,isotropic,0.000177827941,1.043068241,r central difference,estimate
l96_6,isotropic,0.0001,1.076633414,r central difference,estimate
l96_6,aligned_endpoint,0.316227766,0.7656204388,r central difference,estimate
l96_6,aligned_endpoint,0.177827941,0.8667191237,r central difference,estimate
l96_6,aligned_endpoint,0.1,1.078714622,r central difference,estimate
l96_6,aligned_endpoint,0.05623413252,1.119082321,r central difference,estimate
l96_6,aligned_endpoint,0.0316227766,1.067057548,r central difference,estimate
l96_6,aligned_endpoint,0.0177827941,1.039520814,r central difference,estimate
l96_6,aligned_endpoint,0.01,1.009953863,r central difference,estimate
l96_6,aligned_endpoint,0.005623413252,0.9892252371,r central difference,estimate
l96_6,aligned_endpoint,0.00316227766,0.9593016652,r central difference,estimate
l96_6,aligned_endpoint,0.00177827941,0.9636025123,r central difference,estimate
l96_6,aligned_endpoint,0.001,0.9951161799,r central difference,estimate
l96_6,aligned_endpoint,0.0005623413252,0.9863858166,r central difference,estimate
l96_6,aligned_endpoint,0.000316227766,1.027283928,r central difference,estimate
l96_6,aligned_endpoint,0.000177827941,1.045812166,r central difference,estimate
l96_6,aligned_endpoint,0.0001,1.000320386,r central difference,estimate
l96_6,FSLE,1e-09,0.8114697491,lambda/FSLE (FSLE/lambda inverted),estimate
l96_6,FSLE,2e-09,0.9762131407,lambda/FSLE (FSLE/lambda inverted),estimate
l96_6,FSLE,4e-09,1.021870517,lambda/FSLE (FSLE/lambda inverted),estimate
l96_6,FSLE,8e-09,0.9126833047,lambda/FSLE (FSLE/lambda inverted),estimate
l96_6,FSLE,1.6e-08,0.960620819,lambda/FSLE (FSLE/lambda inverted),estimate
l96_6,FSLE,3.2e-08,1.062749161,lambda/FSLE (FSLE/lambda inverted),estimate
l96_6,FSLE,6.4e-08,1.014169931,lambda/FSLE (FSLE/lambda inverted),estimate
l96_6,FSLE,1.28e-07,0.9673246981,lambda/FSLE (FSLE/lambda inverted),estimate
l96_6,FSLE,2.56e-07,0.9727178392,lambda/FSLE (FSLE/lambda inverted),estimate
l96_6,FSLE,5.12e-07,1.046173785,lambda/FSLE (FSLE/lambda inverted),estimate
l96_6,FSLE,1.024e-06,1.047634712,lambda/FSLE (FSLE/lambda inverted),estimate
l96_6,FSLE,2.048e-06,0.9687446644,lambda/FSLE (FSLE/lambda inverted),estimate
l96_6,FSLE,4.096e-06,1.010620015,lambda/FSLE (FSLE/lambda inverted),estimate
l96_6,FSLE,8.192e-06,1.01533048,lambda/FSLE (FSLE/lambda inverted),estimate
l96_6,FSLE,1.6384e-05,1.018115798,lambda/FSLE (FSLE/lambda inverted),estimate
l96_6,FSLE,3.2768e-05,1.047143185,lambda/FSLE (FSLE/lambda inverted),estimate
l96_6,FSLE,6.5536e-05,1.001376581,lambda/FSLE (FSLE/lambda inverted),estimate
l96_6,FSLE,0.000131072,0.9336414604,lambda/FSLE (FSLE/lambda inverted),estimate
l96_6,FSLE,0.000262144,1.041995808,lambda/FSLE (FSLE/lambda inverted),estimate
l96_6,FSLE,0.000524288,0.9806368817,lambda/FSLE (FSLE/lambda inverted),estimate
l96_6,FSLE,0.001048576,0.9974170597,lambda/FSLE (FSLE/lambda inverted),estimate
l96_6,FSLE,0.002097152,0.9899485834,lambda/FSLE (FSLE/lambda inverted),estimate
l96_6,FSLE,0.004194304,0.9817291634,lambda/FSLE (FSLE/lambda inverted),estimate
l96_6,FSLE,0.008388608,0.9606754331,lambda/FSLE (FSLE/lambda inverted),estimate
l96_6,FSLE,0.016777216,0.9897983947,lambda/FSLE (FSLE/lambda inverted),estimate
l96_6,FSLE,0.033554432,0.9696048362,lambda/FSLE (FSLE/lambda inverted),estimate
l96_6,FSLE,0.067108864,1.035155393,lambda/FSLE (FSLE/lambda inverted),estimate
l96_6,FSLE,0.134217728,0.8990297831,lambda/FSLE (FSLE/lambda inverted),estimate
l96_6,FSLE,0.268435456,1.026772131,lambda/FSLE (FSLE/lambda inverted),estimate
