panel,label,method,variant,bits,delta,tau,particles,mean,lo95,hi95,no_cross,fallback_rate,sha
a,bound,output_support_bound,clean,4,0.02,,,0.13097324333333332,0.116427367,0.14563983233333333,0.0,,3d57072b6324df884cbcf97b485b6b519f9c29b8
a,bound,output_support_bound,clean,4,0.035,,,0.23226625975,0.20142153282708333,0.2650227735312499,0.0,,3d57072b6324df884cbcf97b485b6b519f9c29b8
a,bound,output_support_bound,clean,4,0.05,,,0.26617143,0.2359894910625,0.29755672333333333,0.0,,3d57072b6324df884cbcf97b485b6b519f9c29b8
a,bound,output_support_bound,clean,4,0.07,,,0.5194567828333334,0.4541761271541667,0.5847374385125,0.0,,3d57072b6324df884cbcf97b485b6b519f9c29b8
a,bound,output_support_bound,clean,4,0.1,,,0.46806336500000006,0.4239730635000001,0.5118292512083333,0.0,,3d57072b6324df884cbcf97b485b6b519f9c29b8
a,reference,decode_and_integrate,clean,4,0.02,,,0.286813296,0.2414208066083333,0.33359398105833327,0.0,,3d57072b6324df884cbcf97b485b6b519f9c29b8
a,reference,decode_and_integrate,clean,4,0.035,,,0.29986535308333334,0.2545528358333333,0.3460254995895833,0.0,,3d57072b6324df884cbcf97b485b6b519f9c29b8
a,reference,decode_and_integrate,clean,4,0.05,,,0.30992977166666674,0.26450785856250003,0.355800585,0.0,,3d57072b6324df884cbcf97b485b6b519f9c29b8
a,reference,decode_and_integrate,clean,4,0.07,,,0.3284893441666667,0.2832824505,0.3747683172041666,0.0,,3d57072b6324df884cbcf97b485b6b519f9c29b8
a,reference,decode_and_integrate,clean,4,0.1,,,0.35006673333333327,0.30570482833333334,0.39593754666666664,0.0,,3d57072b6324df884cbcf97b485b6b519f9c29b8
a,reference,particle_filter,clean,4,0.02,0.0,1500,0.27027566066666664,0.22862073721666668,0.31445951448333326,0.0,0.0,3d57072b6324df884cbcf97b485b6b519f9c29b8
a,reference,particle_filter,clean,4,0.02,0.2,1500,0.889229859,0.7750915059416668,1.0002855123333332,0.0,0.0,3d57072b6324df884cbcf97b485b6b519f9c29b8
a,reference,particle_filter,clean,4,0.02,0.8,1500,2.1930473716666667,2.050357455125,2.3427914346666663,0.0,0.0004166666666666667,3d57072b6324df884cbcf97b485b6b519f9c29b8
a,reference,particle_filter,clean,4,0.02,1.6,1500,2.830530964333333,2.6706591085999998,2.996035574874999,0.0,0.0002916666666666667,3d57072b6324df884cbcf97b485b6b519f9c29b8
a,reference,particle_filter,clean,4,0.02,3.2,1500,3.1713028223333333,2.9791101501,3.370507391591666,0.0,0.0026041666666666665,3d57072b6324df884cbcf97b485b6b519f9c29b8
a,reference,particle_filter,clean,4,0.02,6.4,1500,3.155489463,2.9852061397666665,3.3340431128083328,0.0,0.009854166666666667,3d57072b6324df884cbcf97b485b6b519f9c29b8
a,reference,particle_filter,clean,4,0.035,0.0,1500,0.3022946955,0.2521208528270834,0.3536303975895833,0.0,0.0,3d57072b6324df884cbcf97b485b6b519f9c29b8
a,reference,particle_filter,clean,4,0.035,0.2,1500,0.7517230425833333,0.6610768833666668,0.8404864614270832,0.0,0.0,3d57072b6324df884cbcf97b485b6b519f9c29b8
a,reference,particle_filter,clean,4,0.035,0.8,1500,1.8029945674999999,1.6632545667500003,1.9550001068645833,0.0,0.0005797101449275362,3d57072b6324df884cbcf97b485b6b519f9c29b8
a,reference,particle_filter,clean,4,0.035,1.6,1500,2.47634491125,2.3107192108145838,2.655817863460417,0.0,0.0005797101449275362,3d57072b6324df884cbcf97b485b6b519f9c29b8
a,reference,particle_filter,clean,4,0.035,3.2,1500,2.73998137525,2.5682374287500003,2.923454820679167,0.0,0.0035164835164835165,3d57072b6324df884cbcf97b485b6b519f9c29b8
a,reference,particle_filter,clean,4,0.035,6.4,1500,2.8099041874166666,2.650729447333334,2.984827403775,0.0,0.0053005464480874315,3d57072b6324df884cbcf97b485b6b519f9c29b8
a,reference,particle_filter,clean,4,0.05,0.0,1500,0.29695316,0.25589199197916673,0.337693685,0.0,0.0,3d57072b6324df884cbcf97b485b6b519f9c29b8
a,reference,particle_filter,clean,4,0.05,0.2,1500,0.6679937191666666,0.5911865127291666,0.7467587341666666,0.0,0.0,3d57072b6324df884cbcf97b485b6b519f9c29b8
a,reference,particle_filter,clean,4,0.05,0.8,1500,1.55900409,1.4337571537916667,1.6940664749166665,0.0,0.0,3d57072b6324df884cbcf97b485b6b519f9c29b8
a,reference,particle_filter,clean,4,0.05,1.6,1500,2.190180445833333,2.0392405729791667,2.343191295375,0.0,0.00020833333333333335,3d57072b6324df884cbcf97b485b6b519f9c29b8
a,reference,particle_filter,clean,4,0.05,3.2,1500,2.4279843991666668,2.2825180912916667,2.575114278479167,0.0,0.00140625,3d57072b6324df884cbcf97b485b6b519f9c29b8
a,reference,particle_filter,clean,4,0.05,6.4,1500,2.450165351666666,2.2936764684166664,2.6128332145416664,0.0,0.007890625,3d57072b6324df884cbcf97b485b6b519f9c29b8
a,reference,particle_filter,clean,4,0.07,0.0,1500,0.30694213316666674,0.2667998903208334,0.34602814017916667,0.0,0.0,3d57072b6324df884cbcf97b485b6b519f9c29b8
a,reference,particle_filter,clean,4,0.07,0.2,1500,0.5745922933333335,0.5069826376416667,0.6491678243458333,0.0,0.0,3d57072b6324df884cbcf97b485b6b519f9c29b8
a,reference,particle_filter,clean,4,0.07,0.8,1500,1.2691729773333336,1.1578351581416666,1.3851793589083332,0.0,0.00030303030303030303,3d57072b6324df884cbcf97b485b6b519f9c29b8
a,reference,particle_filter,clean,4,0.07,1.6,1500,1.702229669,1.5575147974750003,1.8494742253458332,0.0,0.0017391304347826088,3d57072b6324df884cbcf97b485b6b519f9c29b8
a,reference,particle_filter,clean,4,0.07,3.2,1500,2.0146642285,1.8555158943125,2.1828433790625,0.0,0.006376811594202898,3d57072b6324df884cbcf97b485b6b519f9c29b8
a,reference,particle_filter,clean,4,0.07,6.4,1500,2.1908443655,2.0197183169625,2.3657781442166668,0.0,0.009304029304029304,3d57072b6324df884cbcf97b485b6b519f9c29b8
a,reference,particle_filter,clean,4,0.1,0.0,1500,0.33859903,0.29816028666666666,0.377528865,0.0,0.0,3d57072b6324df884cbcf97b485b6b519f9c29b8
a,reference,particle_filter,clean,4,0.1,0.2,1500,0.6032615516666666,0.5296192804583334,0.6799216395416666,0.0,0.0,3d57072b6324df884cbcf97b485b6b519f9c29b8
a,reference,particle_filter,clean,4,0.1,0.8,1500,1.27472576,1.1536886780416669,1.3969624240833332,0.0,0.0008333333333333334,3d57072b6324df884cbcf97b485b6b519f9c29b8
a,reference,particle_filter,clean,4,0.1,1.6,1500,1.7919795366666669,1.6431860859166667,1.936253806958333,0.0,0.0,3d57072b6324df884cbcf97b485b6b519f9c29b8
a,reference,particle_filter,clean,4,0.1,3.2,1500,2.0548313683333332,1.918727836666667,2.1957860402916665,0.0,0.000625,3d57072b6324df884cbcf97b485b6b519f9c29b8
a,reference,particle_filter,clean,4,0.1,6.4,1500,2.1408391433333334,1.9820944421249997,2.3065248228749997,0.0,0.013333333333333334,3d57072b6324df884cbcf97b485b6b519f9c29b8
c,reference,particle_filter,clean,4,0.02,3.2,1500,3.1713028223333333,2.9791101501,3.370507391591666,0.0,0.0026041666666666665,3d57072b6324df884cbcf97b485b6b519f9c29b8
c,reference,particle_filter,clean,4,0.035,3.2,1500,2.73998137525,2.5682374287500003,2.923454820679167,0.0,0.0035164835164835165,3d57072b6324df884cbcf97b485b6b519f9c29b8
c,reference,particle_filter,clean,4,0.05,3.2,1500,2.4279843991666668,2.2825180912916667,2.575114278479167,0.0,0.00140625,3d57072b6324df884cbcf97b485b6b519f9c29b8
c,reference,particle_filter,clean,4,0.07,3.2,1500,2.0146642285,1.8555158943125,2.1828433790625,0.0,0.006376811594202898,3d57072b6324df884cbcf97b485b6b519f9c29b8
c,reference,particle_filter,clean,4,0.1,3.2,1500,2.0548313683333332,1.918727836666667,2.1957860402916665,0.0,0.000625,3d57072b6324df884cbcf97b485b6b519f9c29b8
c,reference (unreliable),particle_filter,jitter,4,0.02,3.2,3000,1.8786512313333332,1.715560874125,2.0524910515083334,0.0,0.059,3d57072b6324df884cbcf97b485b6b519f9c29b8
c,reference (unreliable),particle_filter,jitter,4,0.035,3.2,3000,1.3239916170833335,1.1829788521541666,1.461038216458333,0.0,0.1004029304029304,3d57072b6324df884cbcf97b485b6b519f9c29b8
c,reference (unreliable),particle_filter,jitter,4,0.05,3.2,3000,1.1419418266666668,1.0174418000833336,1.2768382316666667,0.0,0.118125,3d57072b6324df884cbcf97b485b6b519f9c29b8
c,reference (unreliable),particle_filter,jitter,4,0.07,3.2,3000,1.0072264906666666,0.8711833153333334,1.149691579866666,0.0,0.14630434782608695,3d57072b6324df884cbcf97b485b6b519f9c29b8
c,reference (unreliable),particle_filter,jitter,4,0.1,3.2,3000,0.9343160399999999,0.8078544325833334,1.0592913727083333,0.0,0.20395833333333332,3d57072b6324df884cbcf97b485b6b519f9c29b8
c,reference (unreliable),particle_filter,noise,4,0.02,3.2,3000,1.2152747716666665,1.0572452930083334,1.3864589131749994,0.0,0.13954166666666667,3d57072b6324df884cbcf97b485b6b519f9c29b8
c,reference (unreliable),particle_filter,noise,4,0.035,3.2,3000,1.3798664926666666,1.2285739124895834,1.5415814799291667,0.0,0.09743589743589744,3d57072b6324df884cbcf97b485b6b519f9c29b8
c,reference (unreliable),particle_filter,noise,4,0.05,3.2,3000,1.684847045,1.5168980029583332,1.8650295613541668,0.0,0.06260416666666667,3d57072b6324df884cbcf97b485b6b519f9c29b8
c,reference,particle_filter,noise,4,0.07,3.2,3000,1.7075108481666665,1.5452624618083335,1.8843300078458336,0.0,0.03847826086956522,3d57072b6324df884cbcf97b485b6b519f9c29b8
c,reference,particle_filter,noise,4,0.1,3.2,1500,1.677000721666667,1.5263965809166666,1.8351494040833336,0.0,0.04020833333333333,3d57072b6324df884cbcf97b485b6b519f9c29b8
b,bound,output_support_bound,clean,6,0.02,,,8.881159974666666,8.102098299500001,9.779251409575,0.05666666666666664,,3d57072b6324df884cbcf97b485b6b519f9c29b8
b,bound,output_support_bound,clean,6,0.035,,,9.221658496916668,8.350611100722917,10.143223189137501,0.07333333333333336,,3d57072b6324df884cbcf97b485b6b519f9c29b8
b,bound,output_support_bound,clean,6,0.05,,,10.565046560833334,9.575122353895834,11.591062231145834,0.09333333333333338,,3d57072b6324df884cbcf97b485b6b519f9c29b8
b,bound,output_support_bound,clean,6,0.07,,,11.066496277833334,10.064393820995834,12.113538843320834,0.12,,3d57072b6324df884cbcf97b485b6b519f9c29b8
b,bound,output_support_bound,clean,6,0.1,,,11.903126185000001,10.876491543166667,12.9807967565,0.1433333333333333,,3d57072b6324df884cbcf97b485b6b519f9c29b8
b,reference,decode_and_integrate,clean,6,0.02,,,0.6383285813333334,0.5647481753666667,0.7106490488416666,0.0,,3d57072b6324df884cbcf97b485b6b519f9c29b8
b,reference,decode_and_integrate,clean,6,0.035,,,0.6463107064166667,0.5734304339166667,0.7189902941083334,0.0,,3d57072b6324df884cbcf97b485b6b519f9c29b8
b,reference,decode_and_integrate,clean,6,0.05,,,0.6559224525,0.5831930708333334,0.7301720593124998,0.0,,3d57072b6324df884cbcf97b485b6b519f9c29b8
b,reference,decode_and_integrate,clean,6,0.07,,,0.6647948335,0.5923317741541668,0.738530657025,0.0,,3d57072b6324df884cbcf97b485b6b519f9c29b8
b,reference,decode_and_integrate,clean,6,0.1,,,0.6787069683333334,0.604159352125,0.7532621290833332,0.0,,3d57072b6324df884cbcf97b485b6b519f9c29b8
b,reference,particle_filter,clean,6,0.02,0.0,1500,0.6457524103333333,0.57017722755,0.7207345921416665,0.0,0.0,3d57072b6324df884cbcf97b485b6b519f9c29b8
b,reference,particle_filter,clean,6,0.02,0.2,1500,1.699694703,1.5819938173666666,1.823731494725,0.0,0.0003333333333333333,3d57072b6324df884cbcf97b485b6b519f9c29b8
b,reference,particle_filter,clean,6,0.02,0.8,1500,2.7793487936666663,2.630612681433333,2.9439556037499996,0.0,0.00016666666666666666,3d57072b6324df884cbcf97b485b6b519f9c29b8
b,reference,particle_filter,clean,6,0.02,1.6,1500,3.442242402666666,3.275093082041667,3.6255702384416657,0.0,0.0015833333333333333,3d57072b6324df884cbcf97b485b6b519f9c29b8
b,reference,particle_filter,clean,6,0.02,3.2,1500,3.863469253,3.658496127183333,4.071855529466666,0.0,0.0049791666666666665,3d57072b6324df884cbcf97b485b6b519f9c29b8
b,reference,particle_filter,clean,6,0.02,6.4,1500,3.815003117333334,3.6264257894666665,4.015419339983333,0.0,0.017510416666666667,3d57072b6324df884cbcf97b485b6b519f9c29b8
b,reference,particle_filter,clean,6,0.035,0.0,1500,0.6634217269166667,0.5830395394104166,0.7441207851729166,0.0,0.0,3d57072b6324df884cbcf97b485b6b519f9c29b8
b,reference,particle_filter,clean,6,0.035,0.2,1500,1.5135859491666668,1.39073779998125,1.6424493614229168,0.0,0.0,3d57072b6324df884cbcf97b485b6b519f9c29b8
b,reference,particle_filter,clean,6,0.035,0.8,1500,2.5472183356666664,2.39488536319375,2.718880423889584,0.0,0.0007246376811594203,3d57072b6324df884cbcf97b485b6b519f9c29b8
b,reference,particle_filter,clean,6,0.035,1.6,1500,3.00932151275,2.8367272964041668,3.1778967517500005,0.0,0.002826086956521739,3d57072b6324df884cbcf97b485b6b519f9c29b8
b,reference,particle_filter,clean,6,0.035,3.2,1500,3.250988271416667,3.0708789371166674,3.4357265592562496,0.0,0.0018315018315018315,3d57072b6324df884cbcf97b485b6b519f9c29b8
b,reference,particle_filter,clean,6,0.035,6.4,1500,3.349535074666667,3.1625654886291668,3.5315245087500005,0.0,0.005428051001821494,3d57072b6324df884cbcf97b485b6b519f9c29b8
b,reference,particle_filter,clean,6,0.05,0.0,1500,0.6449074216666666,0.5747394118958334,0.7135627508333333,0.0,0.0,3d57072b6324df884cbcf97b485b6b519f9c29b8
b,reference,particle_filter,clean,6,0.05,0.2,1500,1.2686901266666666,1.1597280836458332,1.3814319850625,0.0,0.0025,3d57072b6324df884cbcf97b485b6b519f9c29b8
b,reference,particle_filter,clean,6,0.05,0.8,1500,2.2648714083333332,2.1237847068958327,2.4186329397708333,0.0,0.0016666666666666668,3d57072b6324df884cbcf97b485b6b519f9c29b8
b,reference,particle_filter,clean,6,0.05,1.6,1500,2.8664731608333334,2.6974754275,3.0389677892291664,0.0,0.0028125,3d57072b6324df884cbcf97b485b6b519f9c29b8
b,reference,particle_filter,clean,6,0.05,3.2,1500,3.2135220774999995,3.045712609479167,3.4127206111249997,0.0,0.0033333333333333335,3d57072b6324df884cbcf97b485b6b519f9c29b8
b,reference,particle_filter,clean,6,0.05,6.4,1500,3.2215192916666666,3.0433172175000003,3.4050251786250003,0.0,0.0050260416666666665,3d57072b6324df884cbcf97b485b6b519f9c29b8
b,reference,particle_filter,clean,6,0.07,0.0,1500,0.6833845841666666,0.6056350644750002,0.7615618793708333,0.0,0.0,3d57072b6324df884cbcf97b485b6b519f9c29b8
b,reference,particle_filter,clean,6,0.07,0.2,1500,1.1422134301666667,1.0306696449875001,1.258832428525,0.0,0.0,3d57072b6324df884cbcf97b485b6b519f9c29b8
b,reference,particle_filter,clean,6,0.07,0.8,1500,2.0049468588333337,1.8634059759875,2.1623365603583333,0.0,0.0006060606060606061,3d57072b6324df884cbcf97b485b6b519f9c29b8
b,reference,particle_filter,clean,6,0.07,1.6,1500,2.6302384721666665,2.479788240066667,2.7912193755249994,0.0,0.0014492753623188406,3d57072b6324df884cbcf97b485b6b519f9c29b8
b,reference,particle_filter,clean,6,0.07,3.2,1500,2.884580060833333,2.711357384166667,3.0652016695124997,0.0,0.005072463768115942,3d57072b6324df884cbcf97b485b6b519f9c29b8
b,reference,particle_filter,clean,6,0.07,6.4,1500,2.962107771,2.801982418666667,3.1287976290374995,0.0,0.005274725274725275,3d57072b6324df884cbcf97b485b6b519f9c29b8
b,reference,particle_filter,clean,6,0.1,0.0,1500,0.696210305,0.6174075672916668,0.7780006812083333,0.0,0.0,3d57072b6324df884cbcf97b485b6b519f9c29b8
b,reference,particle_filter,clean,6,0.1,0.2,1500,0.984110015,0.8902483721250001,1.082498382875,0.0,0.0,3d57072b6324df884cbcf97b485b6b519f9c29b8
b,reference,particle_filter,clean,6,0.1,0.8,1500,1.8414717299999999,1.7014450366666667,1.9766774612083333,0.0,0.0,3d57072b6324df884cbcf97b485b6b519f9c29b8
b,reference,particle_filter,clean,6,0.1,1.6,1500,2.375323498333334,2.2361946054583335,2.521385825,0.0,0.0033333333333333335,3d57072b6324df884cbcf97b485b6b519f9c29b8
b,reference,particle_filter,clean,6,0.1,3.2,1500,2.6556786666666667,2.495108186375,2.821070109083333,0.0,0.0020833333333333333,3d57072b6324df884cbcf97b485b6b519f9c29b8
b,reference,particle_filter,clean,6,0.1,6.4,1500,2.7220706333333338,2.5530427218333336,2.8962061995416666,0.0,0.010104166666666666,3d57072b6324df884cbcf97b485b6b519f9c29b8
d,reference,particle_filter,clean,6,0.02,3.2,1500,3.863469253,3.658496127183333,4.071855529466666,0.0,0.0049791666666666665,3d57072b6324df884cbcf97b485b6b519f9c29b8
d,reference,particle_filter,clean,6,0.035,3.2,1500,3.250988271416667,3.0708789371166674,3.4357265592562496,0.0,0.0018315018315018315,3d57072b6324df884cbcf97b485b6b519f9c29b8
d,reference,particle_filter,clean,6,0.05,3.2,1500,3.2135220774999995,3.045712609479167,3.4127206111249997,0.0,0.0033333333333333335,3d57072b6324df884cbcf97b485b6b519f9c29b8
d,reference,particle_filter,clean,6,0.07,3.2,1500,2.884580060833333,2.711357384166667,3.0652016695124997,0.0,0.005072463768115942,3d57072b6324df884cbcf97b485b6b519f9c29b8
d,reference,particle_filter,clean,6,0.1,3.2,1500,2.6556786666666667,2.495108186375,2.821070109083333,0.0,0.0020833333333333333,3d57072b6324df884cbcf97b485b6b519f9c29b8
d,reference (unreliable),particle_filter,jitter,6,0.02,3.2,3000,1.4625546693333333,1.297716996275,1.629898639133333,0.0,0.14589583333333334,3d57072b6324df884cbcf97b485b6b519f9c29b8
d,reference (unreliable),particle_filter,jitter,6,0.035,3.2,3000,1.22787415625,1.0659347188729167,1.39254396325625,0.0,0.19842490842490842,3d57072b6324df884cbcf97b485b6b519f9c29b8
d,reference (unreliable),particle_filter,jitter,6,0.05,3.2,3000,0.8928210608333335,0.7659180977291666,1.0358655708333333,0.0,0.2708333333333333,3d57072b6324df884cbcf97b485b6b519f9c29b8
d,reference (unreliable),particle_filter,jitter,6,0.07,3.2,3000,0.741477555,0.6324634546416666,0.8612705420375,0.0,0.31130434782608696,3d57072b6324df884cbcf97b485b6b519f9c29b8
d,reference (unreliable),particle_filter,jitter,6,0.1,3.2,3000,0.62287736,0.514530197125,0.735751247875,0.0,0.40427083333333336,3d57072b6324df884cbcf97b485b6b519f9c29b8
d,reference (unreliable),particle_filter,noise,6,0.02,3.2,3000,0.8467993566666666,0.7274643233083333,0.9713159812416665,0.0,0.273,3d57072b6324df884cbcf97b485b6b519f9c29b8
d,reference (unreliable),particle_filter,noise,6,0.035,3.2,3000,0.992439189,0.8688331906041667,1.1330321001854164,0.0,0.23644688644688644,3d57072b6324df884cbcf97b485b6b519f9c29b8
d,reference (unreliable),particle_filter,noise,6,0.05,3.2,3000,1.1490336958333334,1.0005533435625003,1.3118675386249998,0.0,0.21557291666666667,3d57072b6324df884cbcf97b485b6b519f9c29b8
d,reference (unreliable),particle_filter,noise,6,0.07,3.2,3000,1.3139573766666666,1.1713655391666669,1.4608005633958332,0.0,0.17101449275362318,3d57072b6324df884cbcf97b485b6b519f9c29b8
d,reference (unreliable),particle_filter,noise,6,0.1,3.2,3000,1.5378793733333334,1.3782142380416667,1.721671952875,0.0,0.13458333333333333,3d57072b6324df884cbcf97b485b6b519f9c29b8
