# git_sha=338a7ef3b83b5002c56d296925672c7e956bda25-dirty; POST-FREEZE EXTENSION F7
system,family,kind,delta,total_bits,restricted_mean,ci95_lo,ci95_hi,label
ks22,whole,bound,0.92,4.0,0.07048684879999999,0.06386491337200001,0.07764813247999999,bound
ks22,whole,bound,0.92,5.0,0.08120625456,0.07418008944,0.08859273583999999,bound
ks22,whole,bound,0.92,6.0,0.10593295104,0.0975105608,0.11494085504,bound
ks22,whole,bound,0.92,7.0,0.16209723248,0.14786361817199997,0.17696140006799999,bound
ks22,whole,bound,0.92,8.0,0.24100647152,0.22217882617199997,0.260106605964,bound
ks22,whole,bound,0.92,9.0,0.3589199348799999,0.33509177682399993,0.3810805047079999,bound
ks22,whole,bound,0.92,10.0,0.5384925011199999,0.5085862598399999,0.5685822784439999,bound
ks22,whole,bound,0.92,11.0,0.9346601190399999,0.882681134996,0.985162932816,bound
ks22,whole,bound,0.92,12.0,4.6841503505599995,4.391265187459999,4.968637934996,bound
ks22,whole,bound,0.92,13.0,16.37742670256,15.815450850908002,16.98171909386,bound
ks22,whole,bound,0.92,14.0,25.26979107744,24.927996966680002,25.587815806836,bound
ks22,whole,bound,0.92,15.0,27.0,27.0,27.0,bound
ks22,whole,bound,0.92,16.0,27.0,27.0,27.0,bound
ks22,whole,decode_and_integrate,0.92,4.0,0.07008149312,0.06346068368,0.07706261871999999,reference
ks22,whole,decode_and_integrate,0.92,5.0,0.08224216352,0.07575534665200001,0.08895305199999999,reference
ks22,whole,decode_and_integrate,0.92,6.0,0.09651969135999999,0.08949352624,0.10408858269599998,reference
ks22,whole,decode_and_integrate,0.92,7.0,0.1247594704,0.115029808092,0.13521089101599995,reference
ks22,whole,decode_and_integrate,0.92,8.0,0.1538099608,0.140071781212,0.17110513648,reference
ks22,whole,decode_and_integrate,0.92,9.0,0.17966264528,0.167634841464,0.192049639268,reference
ks22,whole,decode_and_integrate,0.92,10.0,0.23956520687999996,0.22429568361199997,0.25533129085600004,reference
ks22,whole,decode_and_integrate,0.92,11.0,0.31928515728,0.298113204916,0.339599106788,reference
ks22,whole,decode_and_integrate,0.92,12.0,0.42521810832,0.397022242812,0.45318765023999996,reference
ks22,whole,decode_and_integrate,0.92,13.0,0.49466904816,0.46682899486000007,0.523183568272,reference
ks22,whole,decode_and_integrate,0.92,14.0,0.58727030128,0.556055661944,0.618621185164,reference
ks22,whole,decode_and_integrate,0.92,15.0,0.73590071728,0.6968052879320001,0.7745446254399999,reference
ks22,whole,decode_and_integrate,0.92,16.0,0.8282767728,0.785743702088,0.8693336732439999,reference
ks22,16,bound,0.92,128.0,27.0,27.0,27.0,bound
ks22,16,bound,0.92,160.0,27.0,27.0,27.0,bound
ks22,16,bound,0.92,192.0,27.0,27.0,27.0,bound
ks22,16,bound,0.92,224.0,27.0,27.0,27.0,bound
ks22,16,bound,0.92,256.0,27.0,27.0,27.0,bound
ks22,16,decode_and_integrate,0.92,128.0,1.5018878339200001,1.443596561148,1.5668854912199999,reference
ks22,16,decode_and_integrate,0.92,160.0,2.16266263184,2.078293476988,2.251890424912,reference
ks22,16,decode_and_integrate,0.92,192.0,2.6498551196799998,2.558378728572,2.7438852515719994,reference
ks22,16,decode_and_integrate,0.92,224.0,3.0766496112000006,2.977104390084,3.181239258556,reference
ks22,16,decode_and_integrate,0.92,256.0,3.49767904416,3.39368279248,3.6065451939399997,reference
ks22,32,bound,0.92,256.0,27.0,27.0,27.0,bound
ks22,32,bound,0.92,320.0,27.0,27.0,27.0,bound
ks22,32,bound,0.92,384.0,27.0,27.0,27.0,bound
ks22,32,bound,0.92,448.0,27.0,27.0,27.0,bound
ks22,32,bound,0.92,512.0,27.0,27.0,27.0,bound
ks22,32,decode_and_integrate,0.92,256.0,2.21945746656,2.137297500164,2.306340952616,reference
ks22,32,decode_and_integrate,0.92,320.0,2.7778574355199996,2.6792085008519995,2.880956274764,reference
ks22,32,decode_and_integrate,0.92,384.0,3.43237174016,3.3269263419240005,3.542270420935999,reference
ks22,32,decode_and_integrate,0.92,448.0,4.12435892544,4.010857083063999,4.250606951976001,reference
ks22,32,decode_and_integrate,0.92,512.0,4.794321785440001,4.671086902792,4.914461327076,reference
ks22,8,bound,0.92,64.0,27.0,27.0,27.0,bound
ks22,8,bound,0.92,80.0,27.0,27.0,27.0,bound
ks22,8,bound,0.92,96.0,27.0,27.0,27.0,bound
ks22,8,bound,0.92,112.0,27.0,27.0,27.0,bound
ks22,8,bound,0.92,128.0,27.0,27.0,27.0,bound
ks22,8,decode_and_integrate,0.92,64.0,0.96934054944,0.926094728324,1.0164530133479999,reference
ks22,8,decode_and_integrate,0.92,80.0,1.3574010537599999,1.297710177904,1.420776162352,reference
ks22,8,decode_and_integrate,0.92,96.0,1.7335711248,1.66878740522,1.79973417968,reference
ks22,8,decode_and_integrate,0.92,112.0,2.11532609632,2.0339835972119995,2.196358948728,reference
ks22,8,decode_and_integrate,0.92,128.0,2.5699099716799996,2.4774415851440006,2.6638320087240004,reference
ks22,rvq,decode_and_integrate,0.92,8.0,0.15444051408,0.141918401532,0.16705157967999998,reference
ks22,rvq,decode_and_integrate,0.92,16.0,0.34707454111999997,0.32500179835599996,0.36986904219199995,reference
ks22,rvq,decode_and_integrate,0.92,24.0,0.5668223591999999,0.532546158492,0.6025477064639999,reference
ks22,rvq,decode_and_integrate,0.92,32.0,0.7963437531199999,0.75819527968,0.8344944785360001,reference
ks100,16,bound,0.495,128.0,27.0,27.0,27.0,bound
ks100,16,bound,0.495,160.0,27.0,27.0,27.0,bound
ks100,16,bound,0.495,192.0,27.0,27.0,27.0,bound
ks100,16,bound,0.495,224.0,27.0,27.0,27.0,bound
ks100,16,bound,0.495,256.0,27.0,27.0,27.0,bound
ks100,16,decode_and_integrate,0.495,128.0,0.37627371936,0.3674885930099999,0.38582585481825,reference
ks100,16,decode_and_integrate,0.495,160.0,0.60441669288,0.5892792443999999,0.6195541413599999,reference
ks100,16,decode_and_integrate,0.495,192.0,0.88017955641,0.86022155142,0.9015341712299999,reference
ks100,16,decode_and_integrate,0.495,224.0,1.17373793229,1.14783307254,1.2006429448859999,reference
ks100,16,decode_and_integrate,0.495,256.0,1.46585464641,1.4335963382317498,1.5013600724429998,reference
ks100,32,bound,0.495,256.0,27.0,27.0,27.0,bound
ks100,32,bound,0.495,320.0,27.0,27.0,27.0,bound
ks100,32,bound,0.495,384.0,27.0,27.0,27.0,bound
ks100,32,bound,0.495,448.0,27.0,27.0,27.0,bound
ks100,32,bound,0.495,512.0,27.0,27.0,27.0,bound
ks100,32,decode_and_integrate,0.495,256.0,0.9253215902699999,0.9036054337117498,0.9480333944812499,reference
ks100,32,decode_and_integrate,0.495,320.0,1.31222756511,1.28280865482,1.3418278094182499,reference
ks100,32,decode_and_integrate,0.495,384.0,1.71539728668,1.6818752718652499,1.7528050304572498,reference
ks100,32,decode_and_integrate,0.495,448.0,2.13077608128,2.08968083703225,2.1780411873412495,reference
ks100,32,decode_and_integrate,0.495,512.0,2.5669238156099996,2.5162708044127498,2.6183032891785,reference
ks100,8,bound,0.495,64.0,0.599190669,0.55377719726175,0.6522742318207498,bound
ks100,8,bound,0.495,80.0,22.83636815856,22.3355560775085,23.31043058943,bound
ks100,8,bound,0.495,96.0,27.0,27.0,27.0,bound
ks100,8,bound,0.495,112.0,27.0,27.0,27.0,bound
ks100,8,bound,0.495,128.0,27.0,27.0,27.0,bound
ks100,8,decode_and_integrate,0.495,64.0,0.13182194717999998,0.1279474812,0.13569641315999997,reference
ks100,8,decode_and_integrate,0.495,80.0,0.22773750614999996,0.22201591103999999,0.23391187315649997,reference
ks100,8,decode_and_integrate,0.495,96.0,0.32495957108999995,0.31838198931,0.33180746445,reference
ks100,8,decode_and_integrate,0.495,112.0,0.45191590982999996,0.4408308824535,0.46318001862825,reference
ks100,8,decode_and_integrate,0.495,128.0,0.5717990955599999,0.5576955888735,0.58594652787825,reference
ks100,rvq,decode_and_integrate,0.495,8.0,0.04505193,0.04505193,0.04505193,reference
ks100,rvq,decode_and_integrate,0.495,16.0,0.04505193,0.04505193,0.04505193,reference
ks100,rvq,decode_and_integrate,0.495,24.0,0.04505193,0.04505193,0.04505193,reference
ks100,rvq,decode_and_integrate,0.495,32.0,0.04505193,0.04505193,0.04505193,reference
kolmo40,16x16,bound,0.35,2048.0,18.277675196,17.670945420037498,18.8612882669375,bound
kolmo40,16x16,bound,0.35,2560.0,26.907915037500004,26.8210658031,26.975297729999998,bound
kolmo40,16x16,bound,0.35,3072.0,27.0,27.0,27.0,bound
kolmo40,16x16,bound,0.35,3584.0,27.0,27.0,27.0,bound
kolmo40,16x16,bound,0.35,4096.0,27.0,27.0,27.0,bound
kolmo40,16x16,decode_and_integrate,0.35,2048.0,1.934804333,1.8672808336875,2.0017895974999997,reference
kolmo40,16x16,decode_and_integrate,0.35,2560.0,2.2876644175000003,2.216632958925,2.3625978010249997,reference
kolmo40,16x16,decode_and_integrate,0.35,3072.0,2.662098285,2.5913342791874996,2.7430221665,reference
kolmo40,16x16,decode_and_integrate,0.35,3584.0,2.98925627,2.9060063263,3.0796608525374998,reference
kolmo40,16x16,decode_and_integrate,0.35,4096.0,3.2556880509999995,3.171168539,3.3500189732625,reference
kolmo40,4x4,bound,0.35,128.0,0.1341924815,0.1199875215,0.149775766525,bound
kolmo40,4x4,bound,0.35,160.0,2.1011355364999997,1.9513997214249998,2.2641529891749994,bound
kolmo40,4x4,bound,0.35,192.0,6.7924908495,6.3407532233375,7.2747624361,bound
kolmo40,4x4,bound,0.35,224.0,10.161912108500001,9.60438726955,10.734031657087499,bound
kolmo40,4x4,bound,0.35,256.0,11.819259268000001,11.239392661699998,12.4180750148875,bound
kolmo40,4x4,decode_and_integrate,0.35,128.0,0.2384213755,0.2197773655,0.2583971005,reference
kolmo40,4x4,decode_and_integrate,0.35,160.0,0.41482922250000004,0.391433209475,0.44009185604999995,reference
kolmo40,4x4,decode_and_integrate,0.35,192.0,0.6789970879999999,0.6424159867125,0.7169076847625,reference
kolmo40,4x4,decode_and_integrate,0.35,224.0,0.8846138839999999,0.8432319501375001,0.9291408847875,reference
kolmo40,4x4,decode_and_integrate,0.35,256.0,1.125299175,1.0750380313749999,1.1774635613125,reference
kolmo40,8x8,bound,0.35,512.0,2.36778927,2.199618080275,2.5578693909999997,bound
kolmo40,8x8,bound,0.35,640.0,12.0009454115,11.426120019349998,12.597503912512499,bound
kolmo40,8x8,bound,0.35,768.0,13.9650669705,13.367417087775001,14.571898224474998,bound
kolmo40,8x8,bound,0.35,896.0,15.591150698999998,14.991232269074999,16.19469964365,bound
kolmo40,8x8,bound,0.35,1024.0,19.032538022,18.456385639825,19.612074350724995,bound
kolmo40,8x8,decode_and_integrate,0.35,512.0,0.7786537604999999,0.7394092292125,0.8216315328374998,reference
kolmo40,8x8,decode_and_integrate,0.35,640.0,1.121570373,1.0749081891624999,1.1725817160749998,reference
kolmo40,8x8,decode_and_integrate,0.35,768.0,1.456363524,1.404646371975,1.5120835893625,reference
kolmo40,8x8,decode_and_integrate,0.35,896.0,1.7878717780000002,1.722173838,1.8582384888374999,reference
kolmo40,8x8,decode_and_integrate,0.35,1024.0,2.029000974,1.9615240847125,2.1030476572874996,reference
kolmo40,rvq,decode_and_integrate,0.35,8.0,0.0470983205,0.045455872,0.04914139326249999,reference
kolmo40,rvq,decode_and_integrate,0.35,16.0,0.049850531499999996,0.047497835,0.05264824276249999,reference
kolmo40,rvq,decode_and_integrate,0.35,24.0,0.06476573949999999,0.058817412500000006,0.07138214352499997,reference
kolmo40,rvq,decode_and_integrate,0.35,32.0,0.083276578,0.07302237249999999,0.09535301352499999,reference
