# git_sha=d1d5d7a5a0e6f7025755d8d0056b93e52b60b297; EXT2 F9
eps,family,layout,quantity,total_bits,restricted_mean,ci95_lo,ci95_hi,label
0.1,kmeans,8x8,bound,512.0,0.044390500000000006,0.044390500000000006,0.044390500000000006,bound
0.1,kmeans,8x8,bound,640.0,0.044390500000000006,0.044390500000000006,0.044390500000000006,bound
0.1,kmeans,8x8,bound,768.0,0.044390500000000006,0.044390500000000006,0.044390500000000006,bound
0.1,kmeans,8x8,bound,896.0,0.091533211,0.07874874700000001,0.1056504997625,bound
0.1,kmeans,8x8,bound,1024.0,1.1331562935000001,1.0395622535375002,1.233396701075,bound
0.1,kmeans,8x8,decode_and_integrate,512.0,0.044390500000000006,0.044390500000000006,0.044390500000000006,reference
0.1,kmeans,8x8,decode_and_integrate,640.0,0.0486963785,0.0460318387375,0.052292009,reference
0.1,kmeans,8x8,decode_and_integrate,768.0,0.2512946205,0.23091161266250002,0.273090356,reference
0.1,kmeans,8x8,decode_and_integrate,896.0,0.522742528,0.49237831623749995,0.5553728747875,reference
0.1,kmeans,8x8,decode_and_integrate,1024.0,0.7818498764999999,0.74344765495,0.8262492546,reference
0.1,fsq,8x8,perfect_token,637.8101942183736,14.0530659205,13.469417715,14.685056195512498,reference (perfect next-token prediction)
0.1,fsq,8x8,perfect_token,774.0843073028515,14.563560986999999,13.968468351162501,15.1711663785625,reference (perfect next-token prediction)
0.1,fsq,8x8,perfect_token,1021.8101942183736,17.30529669,16.715405823974997,17.909101276087497,reference (perfect next-token prediction)
0.1,fsq,8x8,decode_and_integrate,637.8101942183736,1.317776383,1.2669026504749998,1.374336538575,reference
0.1,fsq,8x8,decode_and_integrate,774.0843073028515,1.3698464395,1.3196307961374998,1.422810964575,reference
0.1,fsq,8x8,decode_and_integrate,1021.8101942183736,1.5152697174999998,1.4575154574749998,1.574533254525,reference
0.1,kmeans,16x16,bound,2048.0,0.044390500000000006,0.044390500000000006,0.044390500000000006,bound
0.1,kmeans,16x16,bound,2560.0,0.044568062,0.044390500000000006,0.044878795500000006,bound
0.1,kmeans,16x16,bound,3072.0,2.5549396179999997,2.370472675725,2.7493344956,bound
0.1,kmeans,16x16,bound,3584.0,12.449488319,11.865799549875,13.079518591425,bound
0.1,kmeans,16x16,bound,4096.0,14.167005758,13.559615487875,14.771099492287501,bound
0.1,kmeans,16x16,decode_and_integrate,2048.0,0.65076473,0.6195570987375,0.6862405078374999,reference
0.1,kmeans,16x16,decode_and_integrate,2560.0,1.0555616995000001,1.0102789504499998,1.1024380675,reference
0.1,kmeans,16x16,decode_and_integrate,3072.0,1.432658997,1.382628683975,1.4866456133375,reference
0.1,kmeans,16x16,decode_and_integrate,3584.0,1.73034169,1.6723676969999999,1.7912532243375,reference
0.1,kmeans,16x16,decode_and_integrate,4096.0,2.0596748094999997,1.991888296475,2.1302246311500004,reference
0.1,fsq,16x16,perfect_token,2551.2407768734943,27.0,27.0,27.0,reference (perfect next-token prediction)
0.1,fsq,16x16,perfect_token,3096.337229211406,27.0,27.0,27.0,reference (perfect next-token prediction)
0.1,fsq,16x16,decode_and_integrate,2551.2407768734943,1.8305754389999997,1.76558330795,1.8986005509625,reference
0.1,fsq,16x16,decode_and_integrate,3096.337229211406,1.8397642725,1.7800046716374998,1.9036499703374998,reference
0.3,kmeans,8x8,bound,512.0,2.36778927,2.199618080275,2.5578693909999997,bound
0.3,kmeans,8x8,bound,640.0,12.0009454115,11.426120019349998,12.597503912512499,bound
0.3,kmeans,8x8,bound,768.0,13.9650669705,13.367417087775001,14.571898224474998,bound
0.3,kmeans,8x8,bound,896.0,15.591150698999998,14.991232269074999,16.19469964365,bound
0.3,kmeans,8x8,bound,1024.0,19.032538022,18.456385639825,19.612074350724995,bound
0.3,kmeans,8x8,decode_and_integrate,512.0,0.7786537604999999,0.7394092292125,0.8216315328374998,reference
0.3,kmeans,8x8,decode_and_integrate,640.0,1.121570373,1.0749081891624999,1.1725817160749998,reference
0.3,kmeans,8x8,decode_and_integrate,768.0,1.456363524,1.404646371975,1.5120835893625,reference
0.3,kmeans,8x8,decode_and_integrate,896.0,1.7878717780000002,1.722173838,1.8582384888374999,reference
0.3,kmeans,8x8,decode_and_integrate,1024.0,2.029000974,1.9615240847125,2.1030476572874996,reference
0.3,fsq,8x8,perfect_token,637.8101942183736,26.999900643,26.999701929,27.0,reference (perfect next-token prediction)
0.3,fsq,8x8,perfect_token,774.0843073028515,27.0,27.0,27.0,reference (perfect next-token prediction)
0.3,fsq,8x8,perfect_token,1021.8101942183736,27.0,27.0,27.0,reference (perfect next-token prediction)
0.3,fsq,8x8,decode_and_integrate,637.8101942183736,2.5176959885,2.4373902447124998,2.6019580356,reference
0.3,fsq,8x8,decode_and_integrate,774.0843073028515,2.59418082,2.5152989015000005,2.6765751368125,reference
0.3,fsq,8x8,decode_and_integrate,1021.8101942183736,2.7524329525,2.6682164056625,2.8428641693375,reference
0.3,kmeans,16x16,bound,2048.0,18.277675196,17.670945420037498,18.8612882669375,bound
0.3,kmeans,16x16,bound,2560.0,26.907915037500004,26.8210658031,26.975297729999998,bound
0.3,kmeans,16x16,bound,3072.0,27.0,27.0,27.0,bound
0.3,kmeans,16x16,bound,3584.0,27.0,27.0,27.0,bound
0.3,kmeans,16x16,bound,4096.0,27.0,27.0,27.0,bound
0.3,kmeans,16x16,decode_and_integrate,2048.0,1.934804333,1.8672808336875,2.0017895974999997,reference
0.3,kmeans,16x16,decode_and_integrate,2560.0,2.2876644175000003,2.216632958925,2.3625978010249997,reference
0.3,kmeans,16x16,decode_and_integrate,3072.0,2.662098285,2.5913342791874996,2.7430221665,reference
0.3,kmeans,16x16,decode_and_integrate,3584.0,2.98925627,2.9060063263,3.0796608525374998,reference
0.3,kmeans,16x16,decode_and_integrate,4096.0,3.2556880509999995,3.171168539,3.3500189732625,reference
0.3,fsq,16x16,perfect_token,2551.2407768734943,27.0,27.0,27.0,reference (perfect next-token prediction)
0.3,fsq,16x16,perfect_token,3096.337229211406,27.0,27.0,27.0,reference (perfect next-token prediction)
0.3,fsq,16x16,decode_and_integrate,2551.2407768734943,3.0399502210000002,2.954673850975,3.1320227765749995,reference
0.3,fsq,16x16,decode_and_integrate,3096.337229211406,3.0541107905,2.969806572425,3.1418297477875,reference
