# git_sha=7ae83afbfb6889f9acaa38781a5a592318baef9a-dirty; Adapt the Physics stage 1 AP1_drift
figure,eps,arm,Re,w,restricted_mean,n,label
AP1,0.1,O,36,11,2.822064696263018,300,reference
AP1,0.1,O,40,11,3.4595836696154274,300,reference
AP1,0.1,O,44,11,3.739809111555331,300,reference
AP1,0.1,O,50,11,3.3676486275338378,300,reference
AP1,0.1,P1,36,11,0.2182984066734946,300,reference
AP1,0.1,P1,40,11,0.38322265589352,300,reference
AP1,0.1,P1,44,11,0.4992563150568656,300,reference
AP1,0.1,P1,50,11,0.549770974368721,300,reference
AP1,0.1,L_param_P1,36,11,0.25959218455403016,300,learned
AP1,0.1,L_param_P1,40,11,0.393998344070485,300,learned
AP1,0.1,L_param_P1,44,11,0.5020755242281313,300,learned
AP1,0.1,L_param_P1,50,11,0.5117933741656185,300,learned
AP1,0.1,P1x,36,11,2.786466611883246,300,reference
AP1,0.1,P1x,40,11,3.43707934603176,300,reference
AP1,0.1,P1x,44,11,3.710350967892291,300,reference
AP1,0.1,P1x,50,11,3.3456457321780717,300,reference
AP1,0.1,L_param_true,36,11,2.3266875610965734,300,learned
AP1,0.1,L_param_true,40,11,2.907111409328298,300,learned
AP1,0.1,L_param_true,44,11,3.1136883837915095,300,learned
AP1,0.1,L_param_true,50,11,2.330197041033214,300,learned
AP1,0.1,L_range,36,11,1.4580975361954638,300,learned
AP1,0.1,L_range,40,11,2.250943299366386,300,learned
AP1,0.1,L_range,44,11,2.4209318028886817,300,learned
AP1,0.1,L_range,50,11,1.7608344475120987,300,learned
AP1,0.1,L_ft,36,11,0.41600469069038254,100,learned
AP1,0.1,L_ft,40,11,0.5701318653630589,100,learned
AP1,0.1,L_ft,44,11,0.7165917129871646,100,learned
AP1,0.1,L_ft,50,11,0.7957211471126224,100,learned
AP1,0.1,L0,36,11,0.44809773291583854,300,learned
AP1,0.1,L0,40,11,2.925893222450832,300,learned
AP1,0.1,L0,44,11,1.1868870611028464,300,learned
AP1,0.1,L0,50,11,0.5582104410805215,300,learned
AP1,0.1,P0,36,11,0.08631166305003198,300,reference
AP1,0.1,P0,40,11,0.23843659111575344,300,reference
AP1,0.1,P0,44,11,0.4303138362322778,300,reference
AP1,0.1,P0,50,11,0.5570048029788359,300,reference
AP1,0.1,persistence,36,11,0.04753713421791101,300,reference
AP1,0.1,persistence,40,11,0.07954417090632367,300,reference
AP1,0.1,persistence,44,11,0.10200411365124874,300,reference
AP1,0.1,persistence,50,11,0.10700038152461398,300,reference
AP1,0.3,O,36,11,3.7660453263839244,300,reference
AP1,0.3,O,40,11,4.69594633296478,300,reference
AP1,0.3,O,44,11,5.0101758702478945,300,reference
AP1,0.3,O,50,11,4.566354310134936,300,reference
AP1,0.3,P1,36,11,0.4928965529506902,300,reference
AP1,0.3,P1,40,11,0.802298965175851,300,reference
AP1,0.3,P1,44,11,1.0210663034838563,300,reference
AP1,0.3,P1,50,11,1.0989391296865991,300,reference
AP1,0.3,L_param_P1,36,11,1.0287298722917517,300,learned
AP1,0.3,L_param_P1,40,11,1.3551897294557655,300,learned
AP1,0.3,L_param_P1,44,11,1.621557856963444,300,learned
AP1,0.3,L_param_P1,50,11,1.4910729222599028,300,learned
AP1,0.3,P1x,36,11,3.750382169256824,300,reference
AP1,0.3,P1x,40,11,4.657180516314057,300,reference
AP1,0.3,P1x,44,11,5.000149678749383,300,reference
AP1,0.3,P1x,50,11,4.537418995694476,300,reference
AP1,0.3,L_param_true,36,11,3.3118170036633616,300,learned
AP1,0.3,L_param_true,40,11,4.214576249958034,300,learned
AP1,0.3,L_param_true,44,11,4.410027425851863,300,learned
AP1,0.3,L_param_true,50,11,3.5608521333289853,300,learned
AP1,0.3,L_range,36,11,2.3404918985445216,300,learned
AP1,0.3,L_range,40,11,3.4041378559048616,300,learned
AP1,0.3,L_range,44,11,3.715733094491981,300,learned
AP1,0.3,L_range,50,11,2.944771063367546,300,learned
AP1,0.3,L_ft,36,11,1.0462550830633317,100,learned
AP1,0.3,L_ft,40,11,1.409460013547026,100,learned
AP1,0.3,L_ft,44,11,1.5646610900524462,100,learned
AP1,0.3,L_ft,50,11,1.6068141800217388,100,learned
AP1,0.3,L0,36,11,1.051512646294806,300,learned
AP1,0.3,L0,40,11,4.206739385829332,300,learned
AP1,0.3,L0,44,11,2.3927397111760254,300,learned
AP1,0.3,L0,50,11,1.576673227479594,300,learned
AP1,0.3,P0,36,11,0.28620859841336743,300,reference
AP1,0.3,P0,40,11,0.6091202644033505,300,reference
AP1,0.3,P0,44,11,0.9059913109476487,300,reference
AP1,0.3,P0,50,11,1.0778404629070977,300,reference
AP1,0.3,persistence,36,11,0.12015722635264604,300,reference
AP1,0.3,persistence,40,11,0.19200317115319507,300,reference
AP1,0.3,persistence,44,11,0.24988444927127512,300,reference
AP1,0.3,persistence,50,11,0.2221388202356071,300,reference
