# git_sha=374bdcd9a9d81970d24687d7c5bc050b214582ec-dirty; Adapt the Physics stage 1 AP3_cost
figure,Re,w,eps,arm,wall_seconds_per_state,restricted_mean,gradient_steps,solver_steps_identify,forecast_steps,label
AP3,44,11,0.1,O,0.07140526374181112,3.739809111555331,0,0,4585,reference
AP3,44,11,0.1,P1,0.17724778413772582,0.4992563150568656,0,10500,980,reference
AP3,44,11,0.1,L_param_P1,0.011515928109486899,0.5020755242281313,0,10500,,learned
AP3,44,11,0.1,P1x,0.23314414183298746,3.710350967892291,0,10500,4585,reference
AP3,44,11,0.1,L_param_true,0.018783146540323894,3.1136883837915095,0,0,,learned
AP3,44,11,0.1,L_range,0.032489273548126224,2.4209318028886817,0,0,,learned
AP3,44,11,0.1,L_ft,3.007693200111389,0.7165917129871646,200,0,,learned
AP3,44,11,0.1,L0big,0.03339993635813395,1.1392167969341724,0,0,,learned
AP3,44,11,0.1,L0,0.019994866053263345,1.1868870611028464,0,0,,learned
AP3,44,11,0.1,P0,0.01486998716990153,0.4303138362322778,0,0,945,reference
AP3,44,11,0.1,persistence,0.0007480939229329427,0.10200411365124874,0,0,,reference
