# git_sha=d1d5d7a5a0e6f7025755d8d0056b93e52b60b297; EXT2 learned-tokenizer kill test; M6 descriptive
config,fsq_bits,kmeans,kmeans_bits,delta,eps,start,fsq_T_pt,fsq_DI,kmeans_ceiling,kmeans_ceiling_ci95,kmeans_p0,kmeans_DI,kmeans_DI_ci95,label
L8-b10,637.8101942183736,8x8 b10,640.0,0.35,0.1,future,14.0530659205,1.317776383,0.044390500000000006,"[0.0444, 0.0444]",1.0,0.0486963785,"[0.0460, 0.0523]",descriptive (k-means ceiling = bound; T_pt and DI = reference); no reading
L8-b10,637.8101942183736,8x8 b10,640.0,0.35,0.1,from_t0,14.049603461499999,1.3143583145,0.0,"[0.0000, 0.0000]",1.0,0.0,"[0.0000, 0.0000]",descriptive (k-means ceiling = bound; T_pt and DI = reference); no reading
L8-b10,637.8101942183736,8x8 b10,640.0,0.35,0.3,future,26.999900643,2.5176959885,12.0009454115,"[11.4261, 12.5975]",0.082,1.121570373,"[1.0749, 1.1726]",descriptive (k-means ceiling = bound; T_pt and DI = reference); no reading
L8-b10,637.8101942183736,8x8 b10,640.0,0.35,0.3,from_t0,26.999900643,2.5176959885,11.9316750795,"[11.3578, 12.5292]",0.082,1.1059005265000001,"[1.0581, 1.1583]",descriptive (k-means ceiling = bound; T_pt and DI = reference); no reading
L8-b10,637.8101942183736,8x8 b10,640.0,0.35,0.5,future,27.0,3.1871047285,22.2692852835,"[21.7793, 22.7553]",0.002,1.848065296,"[1.7841, 1.9165]",descriptive (k-means ceiling = bound; T_pt and DI = reference); no reading
L8-b10,637.8101942183736,8x8 b10,640.0,0.35,0.5,from_t0,27.0,3.1871047285,22.269196502499998,"[21.7792, 22.7552]",0.002,1.8478433435,"[1.7839, 1.9161]",descriptive (k-means ceiling = bound; T_pt and DI = reference); no reading
L8-b10,637.8101942183736,8x8 b10,640.0,0.14,0.1,future,13.8217051096,1.3025593196000005,0.0177562,"[0.0178, 0.0178]",1.0,0.0177562,"[0.0178, 0.0178]",descriptive (k-means ceiling = bound; T_pt and DI = reference); no reading
L8-b10,637.8101942183736,8x8 b10,640.0,0.14,0.1,from_t0,13.7912604068,1.3004996004000005,0.0,"[0.0000, 0.0000]",1.0,0.0,"[0.0000, 0.0000]",descriptive (k-means ceiling = bound; T_pt and DI = reference); no reading
L8-b10,637.8101942183736,8x8 b10,640.0,0.14,0.3,future,26.999900643,2.5038372744000004,11.894232736000001,"[11.3123, 12.4969]",0.082,1.1073121444,"[1.0613, 1.1582]",descriptive (k-means ceiling = bound; T_pt and DI = reference); no reading
L8-b10,637.8101942183736,8x8 b10,640.0,0.14,0.3,from_t0,26.999900643,2.5038372744000004,11.829294916800002,"[11.2494, 12.4308]",0.082,1.0942258250000003,"[1.0467, 1.1466]",descriptive (k-means ceiling = bound; T_pt and DI = reference); no reading
L8-b10,637.8101942183736,8x8 b10,640.0,0.14,0.5,future,27.0,3.1736899194000006,21.942109010200003,"[21.4334, 22.4467]",0.002,1.8329370136000003,"[1.7689, 1.9010]",descriptive (k-means ceiling = bound; T_pt and DI = reference); no reading
L8-b10,637.8101942183736,8x8 b10,640.0,0.14,0.5,from_t0,27.0,3.1736899194000006,21.942073497800003,"[21.4333, 22.4467]",0.002,1.8327239392,"[1.7684, 1.9008]",descriptive (k-means ceiling = bound; T_pt and DI = reference); no reading
L8-b10,637.8101942183736,8x8 b10,640.0,0.7,0.1,future,14.361672993,1.342279939,0.08878100000000001,"[0.0888, 0.0888]",1.0,0.11204162200000001,"[0.1054, 0.1193]",descriptive (k-means ceiling = bound; T_pt and DI = reference); no reading
L8-b10,637.8101942183736,8x8 b10,640.0,0.7,0.1,from_t0,14.299416359999999,1.336864298,0.0,"[0.0000, 0.0000]",1.0,0.0,"[0.0000, 0.0000]",descriptive (k-means ceiling = bound; T_pt and DI = reference); no reading
L8-b10,637.8101942183736,8x8 b10,640.0,0.7,0.3,future,26.999900643,2.5402019719999998,12.237451735999999,"[11.6598, 12.8616]",0.082,1.145186119,"[1.0987, 1.1963]",descriptive (k-means ceiling = bound; T_pt and DI = reference); no reading
L8-b10,637.8101942183736,8x8 b10,640.0,0.7,0.3,from_t0,26.999900643,2.5402019719999998,12.154242787,"[11.5782, 12.7877]",0.082,1.1267196709999998,"[1.0785, 1.1792]",descriptive (k-means ceiling = bound; T_pt and DI = reference); no reading
L8-b10,637.8101942183736,8x8 b10,640.0,0.7,0.5,future,27.0,3.212540485,22.698192840999997,"[22.2248, 23.1802]",0.002,1.8732790999999998,"[1.8085, 1.9415]",descriptive (k-means ceiling = bound; T_pt and DI = reference); no reading
L8-b10,637.8101942183736,8x8 b10,640.0,0.7,0.5,from_t0,27.0,3.212540485,22.693398667,"[22.2186, 23.1754]",0.002,1.873012757,"[1.8082, 1.9413]",descriptive (k-means ceiling = bound; T_pt and DI = reference); no reading
L8-b12,774.0843073028515,8x8 b12,768.0,0.35,0.1,future,14.563560986999999,1.3698464395,0.044390500000000006,"[0.0444, 0.0444]",1.0,0.2512946205,"[0.2309, 0.2731]",descriptive (k-means ceiling = bound; T_pt and DI = reference); no reading
L8-b12,774.0843073028515,8x8 b12,768.0,0.35,0.1,from_t0,14.561430242999998,1.3678044765,0.0,"[0.0000, 0.0000]",1.0,0.0,"[0.0000, 0.0000]",descriptive (k-means ceiling = bound; T_pt and DI = reference); no reading
L8-b12,774.0843073028515,8x8 b12,768.0,0.35,0.3,future,27.0,2.59418082,13.9650669705,"[13.3674, 14.5719]",0.048,1.456363524,"[1.4046, 1.5121]",descriptive (k-means ceiling = bound; T_pt and DI = reference); no reading
L8-b12,774.0843073028515,8x8 b12,768.0,0.35,0.3,from_t0,27.0,2.59418082,13.9629362265,"[13.3653, 14.5701]",0.048,1.4475298144999997,"[1.3949, 1.5044]",descriptive (k-means ceiling = bound; T_pt and DI = reference); no reading
L8-b12,774.0843073028515,8x8 b12,768.0,0.35,0.5,future,27.0,3.2502280194999997,26.9269141715,"[26.8535, 26.9834]",0.0,2.1605300255000004,"[2.0902, 2.2334]",descriptive (k-means ceiling = bound; T_pt and DI = reference); no reading
L8-b12,774.0843073028515,8x8 b12,768.0,0.35,0.5,from_t0,27.0,3.2502280194999997,26.9269141715,"[26.8535, 26.9834]",0.0,2.1605300255000004,"[2.0902, 2.2334]",descriptive (k-means ceiling = bound; T_pt and DI = reference); no reading
L8-b12,774.0843073028515,8x8 b12,768.0,0.14,0.1,future,14.191608671000001,1.3552774774000005,0.0177562,"[0.0178, 0.0178]",1.0,0.0918173102,"[0.0768, 0.1085]",descriptive (k-means ceiling = bound; T_pt and DI = reference); no reading
L8-b12,774.0843073028515,8x8 b12,768.0,0.14,0.1,from_t0,14.190845154400002,1.3543363988000001,0.0,"[0.0000, 0.0000]",1.0,0.0,"[0.0000, 0.0000]",descriptive (k-means ceiling = bound; T_pt and DI = reference); no reading
L8-b12,774.0843073028515,8x8 b12,768.0,0.14,0.3,future,27.0,2.5813963560000004,13.904211379400001,"[13.3135, 14.5020]",0.048,1.442336126,"[1.3904, 1.4981]",descriptive (k-means ceiling = bound; T_pt and DI = reference); no reading
L8-b12,774.0843073028515,8x8 b12,768.0,0.14,0.3,from_t0,27.0,2.5813963560000004,13.903359081800001,"[13.3125, 14.5012]",0.048,1.4347364724000005,"[1.3823, 1.4915]",descriptive (k-means ceiling = bound; T_pt and DI = reference); no reading
L8-b12,774.0843073028515,8x8 b12,768.0,0.14,0.5,future,27.0,3.2362450120000004,26.9019295002,"[26.8081, 26.9734]",0.0,2.1475768776,"[2.0773, 2.2204]",descriptive (k-means ceiling = bound; T_pt and DI = reference); no reading
L8-b12,774.0843073028515,8x8 b12,768.0,0.14,0.5,from_t0,27.0,3.2362450120000004,26.9019295002,"[26.8081, 26.9734]",0.0,2.1475768776,"[2.0773, 2.2204]",descriptive (k-means ceiling = bound; T_pt and DI = reference); no reading
L8-b12,774.0843073028515,8x8 b12,768.0,0.7,0.1,future,14.906446015000002,1.3943943859999999,0.08878100000000001,"[0.0888, 0.0888]",1.0,0.30123393299999995,"[0.2806, 0.3232]",descriptive (k-means ceiling = bound; T_pt and DI = reference); no reading
L8-b12,774.0843073028515,8x8 b12,768.0,0.7,0.1,from_t0,14.848805994,1.390488022,0.0,"[0.0000, 0.0000]",1.0,0.0,"[0.0000, 0.0000]",descriptive (k-means ceiling = bound; T_pt and DI = reference); no reading
L8-b12,774.0843073028515,8x8 b12,768.0,0.7,0.3,future,27.0,2.618329252,14.125168754999999,"[13.5263, 14.7321]",0.048,1.479002679,"[1.4269, 1.5356]",descriptive (k-means ceiling = bound; T_pt and DI = reference); no reading
L8-b12,774.0843073028515,8x8 b12,768.0,0.7,0.3,from_t0,27.0,2.618329252,14.066197018999999,"[13.4658, 14.6750]",0.048,1.469147988,"[1.4161, 1.5261]",descriptive (k-means ceiling = bound; T_pt and DI = reference); no reading
L8-b12,774.0843073028515,8x8 b12,768.0,0.7,0.5,future,27.0,3.274953528,26.959395355,"[26.9018, 27.0000]",0.0,2.1882740879999996,"[2.1176, 2.2622]",descriptive (k-means ceiling = bound; T_pt and DI = reference); no reading
L8-b12,774.0843073028515,8x8 b12,768.0,0.7,0.5,from_t0,27.0,3.274953528,26.959395355,"[26.9018, 27.0000]",0.0,2.1882740879999996,"[2.1176, 2.2622]",descriptive (k-means ceiling = bound; T_pt and DI = reference); no reading
L8-b16,1021.8101942183736,8x8 b16,1024.0,0.35,0.1,future,17.30529669,1.5152697174999998,1.1331562935000001,"[1.0396, 1.2334]",0.37,0.7818498764999999,"[0.7434, 0.8262]",descriptive (k-means ceiling = bound; T_pt and DI = reference); no reading
L8-b16,1021.8101942183736,8x8 b16,1024.0,0.35,0.1,from_t0,17.3043644895,1.51460386,1.0694115355,"[0.9750, 1.1712]",0.37,0.6370924560000001,"[0.5955, 0.6832]",descriptive (k-means ceiling = bound; T_pt and DI = reference); no reading
L8-b16,1021.8101942183736,8x8 b16,1024.0,0.35,0.3,future,27.0,2.7524329525,19.032538022,"[18.4564, 19.6121]",0.007,2.029000974,"[1.9615, 2.1030]",descriptive (k-means ceiling = bound; T_pt and DI = reference); no reading
L8-b16,1021.8101942183736,8x8 b16,1024.0,0.35,0.3,from_t0,27.0,2.7524329525,19.0322272885,"[18.4559, 19.6119]",0.007,2.027402916,"[1.9597, 2.1015]",descriptive (k-means ceiling = bound; T_pt and DI = reference); no reading
L8-b16,1021.8101942183736,8x8 b16,1024.0,0.35,0.5,future,27.0,3.403330854,27.0,"[27.0000, 27.0000]",0.0,2.734721143,"[2.6549, 2.8216]",descriptive (k-means ceiling = bound; T_pt and DI = reference); no reading
L8-b16,1021.8101942183736,8x8 b16,1024.0,0.35,0.5,from_t0,27.0,3.403330854,27.0,"[27.0000, 27.0000]",0.0,2.734721143,"[2.6549, 2.8216]",descriptive (k-means ceiling = bound; T_pt and DI = reference); no reading
L8-b16,1021.8101942183736,8x8 b16,1024.0,0.14,0.1,future,16.7327431724,1.4991026974000001,0.9994077170000003,"[0.9164, 1.0931]",0.37,0.7534133222,"[0.7142, 0.8000]",descriptive (k-means ceiling = bound; T_pt and DI = reference); no reading
L8-b16,1021.8101942183736,8x8 b16,1024.0,0.14,0.1,from_t0,16.732352536,1.4988008420000003,0.9766797810000002,"[0.8929, 1.0669]",0.37,0.6279835254000002,"[0.5870, 0.6742]",descriptive (k-means ceiling = bound; T_pt and DI = reference); no reading
L8-b16,1021.8101942183736,8x8 b16,1024.0,0.14,0.3,future,27.0,2.73889385,18.645319547,"[18.0549, 19.2320]",0.007,2.0157548488000003,"[1.9488, 2.0894]",descriptive (k-means ceiling = bound; T_pt and DI = reference); no reading
L8-b16,1021.8101942183736,8x8 b16,1024.0,0.14,0.3,from_t0,27.0,2.73889385,18.645195253600004,"[18.0547, 19.2319]",0.007,2.0142278156000004,"[1.9471, 2.0882]",descriptive (k-means ceiling = bound; T_pt and DI = reference); no reading
L8-b16,1021.8101942183736,8x8 b16,1024.0,0.14,0.5,future,27.0,3.3885399394000006,27.0,"[27.0000, 27.0000]",0.0,2.7191844680000004,"[2.6390, 2.8055]",descriptive (k-means ceiling = bound; T_pt and DI = reference); no reading
L8-b16,1021.8101942183736,8x8 b16,1024.0,0.14,0.5,from_t0,27.0,3.3885399394000006,27.0,"[27.0000, 27.0000]",0.0,2.7191844680000004,"[2.6390, 2.8055]",descriptive (k-means ceiling = bound; T_pt and DI = reference); no reading
L8-b16,1021.8101942183736,8x8 b16,1024.0,0.7,0.1,future,18.002743534,1.5407942549999998,1.284217165,"[1.1854, 1.3902]",0.37,0.808883691,"[0.7700, 0.8535]",descriptive (k-means ceiling = bound; T_pt and DI = reference); no reading
L8-b16,1021.8101942183736,8x8 b16,1024.0,0.7,0.1,from_t0,17.98019316,1.5395513209999998,1.181852672,"[1.0848, 1.2860]",0.37,0.6512974159999999,"[0.6099, 0.6983]",descriptive (k-means ceiling = bound; T_pt and DI = reference); no reading
L8-b16,1021.8101942183736,8x8 b16,1024.0,0.7,0.3,future,27.0,2.7752052789999997,19.332776442,"[18.7581, 19.9216]",0.007,2.05172891,"[1.9845, 2.1260]",descriptive (k-means ceiling = bound; T_pt and DI = reference); no reading
L8-b16,1021.8101942183736,8x8 b16,1024.0,0.7,0.3,from_t0,27.0,2.7752052789999997,19.311646564,"[18.7359, 19.8994]",0.007,2.0499532899999995,"[1.9830, 2.1241]",descriptive (k-means ceiling = bound; T_pt and DI = reference); no reading
L8-b16,1021.8101942183736,8x8 b16,1024.0,0.7,0.5,future,27.0,3.4250821989999998,27.0,"[27.0000, 27.0000]",0.0,2.7604676329999998,"[2.6807, 2.8463]",descriptive (k-means ceiling = bound; T_pt and DI = reference); no reading
L8-b16,1021.8101942183736,8x8 b16,1024.0,0.7,0.5,from_t0,27.0,3.4250821989999998,27.0,"[27.0000, 27.0000]",0.0,2.7604676329999998,"[2.6807, 2.8463]",descriptive (k-means ceiling = bound; T_pt and DI = reference); no reading
L16-b10,2551.2407768734943,16x16 b10,2560.0,0.35,0.1,future,27.0,1.8305754389999997,0.044568062,"[0.0444, 0.0449]",1.0,1.0555616995000001,"[1.0103, 1.1024]",descriptive (k-means ceiling = bound; T_pt and DI = reference); no reading
L16-b10,2551.2407768734943,16x16 b10,2560.0,0.35,0.1,from_t0,27.0,1.8305754389999997,0.0,"[0.0000, 0.0000]",1.0,0.0,"[0.0000, 0.0000]",descriptive (k-means ceiling = bound; T_pt and DI = reference); no reading
L16-b10,2551.2407768734943,16x16 b10,2560.0,0.35,0.3,future,27.0,3.0399502210000002,26.907915037500004,"[26.8211, 26.9753]",0.0,2.2876644175000003,"[2.2166, 2.3626]",descriptive (k-means ceiling = bound; T_pt and DI = reference); no reading
L16-b10,2551.2407768734943,16x16 b10,2560.0,0.35,0.3,from_t0,27.0,3.0399502210000002,26.907915037500004,"[26.8211, 26.9753]",0.0,2.2876644175000003,"[2.2166, 2.3626]",descriptive (k-means ceiling = bound; T_pt and DI = reference); no reading
L16-b10,2551.2407768734943,16x16 b10,2560.0,0.35,0.5,future,27.0,3.7066067499999997,27.0,"[27.0000, 27.0000]",0.0,2.9679044395000003,"[2.8817, 3.0562]",descriptive (k-means ceiling = bound; T_pt and DI = reference); no reading
L16-b10,2551.2407768734943,16x16 b10,2560.0,0.35,0.5,from_t0,27.0,3.7066067499999997,27.0,"[27.0000, 27.0000]",0.0,2.9679044395000003,"[2.8817, 3.0562]",descriptive (k-means ceiling = bound; T_pt and DI = reference); no reading
L16-b10,2551.2407768734943,16x16 b10,2560.0,0.14,0.1,future,27.0,1.8178264874000003,0.0179160058,"[0.0178, 0.0182]",1.0,1.0347958236000003,"[0.9889, 1.0825]",descriptive (k-means ceiling = bound; T_pt and DI = reference); no reading
L16-b10,2551.2407768734943,16x16 b10,2560.0,0.14,0.1,from_t0,27.0,1.8178264874000003,0.0,"[0.0000, 0.0000]",1.0,0.0,"[0.0000, 0.0000]",descriptive (k-means ceiling = bound; T_pt and DI = reference); no reading
L16-b10,2551.2407768734943,16x16 b10,2560.0,0.14,0.3,future,27.0,3.026704095800001,26.9197423646,"[26.8344, 26.9825]",0.0,2.2727580876,"[2.2017, 2.3479]",descriptive (k-means ceiling = bound; T_pt and DI = reference); no reading
L16-b10,2551.2407768734943,16x16 b10,2560.0,0.14,0.3,from_t0,27.0,3.026704095800001,26.9197423646,"[26.8344, 26.9825]",0.0,2.2727580876,"[2.2017, 2.3479]",descriptive (k-means ceiling = bound; T_pt and DI = reference); no reading
L16-b10,2551.2407768734943,16x16 b10,2560.0,0.14,0.5,future,27.0,3.6921709594000003,27.0,"[27.0000, 27.0000]",0.0,2.9548269982,"[2.8684, 3.0432]",descriptive (k-means ceiling = bound; T_pt and DI = reference); no reading
L16-b10,2551.2407768734943,16x16 b10,2560.0,0.14,0.5,from_t0,27.0,3.6921709594000003,27.0,"[27.0000, 27.0000]",0.0,2.9548269982,"[2.8684, 3.0432]",descriptive (k-means ceiling = bound; T_pt and DI = reference); no reading
L16-b10,2551.2407768734943,16x16 b10,2560.0,0.7,0.1,future,27.0,1.854279966,0.08886978100000001,"[0.0888, 0.0890]",1.0,1.079843303,"[1.0345, 1.1268]",descriptive (k-means ceiling = bound; T_pt and DI = reference); no reading
L16-b10,2551.2407768734943,16x16 b10,2560.0,0.7,0.1,from_t0,27.0,1.854279966,0.0,"[0.0000, 0.0000]",1.0,0.0,"[0.0000, 0.0000]",descriptive (k-means ceiling = bound; T_pt and DI = reference); no reading
L16-b10,2551.2407768734943,16x16 b10,2560.0,0.7,0.3,future,27.0,3.064276215,26.955488991,"[26.8984, 27.0000]",0.0,2.31008162,"[2.2390, 2.3856]",descriptive (k-means ceiling = bound; T_pt and DI = reference); no reading
L16-b10,2551.2407768734943,16x16 b10,2560.0,0.7,0.3,from_t0,27.0,3.064276215,26.955488991,"[26.8984, 27.0000]",0.0,2.31008162,"[2.2390, 2.3856]",descriptive (k-means ceiling = bound; T_pt and DI = reference); no reading
L16-b10,2551.2407768734943,16x16 b10,2560.0,0.7,0.5,future,27.0,3.7359932609999995,27.0,"[27.0000, 27.0000]",0.0,2.991387014,"[2.9045, 3.0797]",descriptive (k-means ceiling = bound; T_pt and DI = reference); no reading
L16-b10,2551.2407768734943,16x16 b10,2560.0,0.7,0.5,from_t0,27.0,3.7359932609999995,27.0,"[27.0000, 27.0000]",0.0,2.991387014,"[2.9045, 3.0797]",descriptive (k-means ceiling = bound; T_pt and DI = reference); no reading
L16-b12,3096.337229211406,16x16 b12,3072.0,0.35,0.1,future,27.0,1.8397642725,2.5549396179999997,"[2.3705, 2.7493]",0.217,1.432658997,"[1.3826, 1.4866]",descriptive (k-means ceiling = bound; T_pt and DI = reference); no reading
L16-b12,3096.337229211406,16x16 b12,3072.0,0.35,0.1,from_t0,27.0,1.8397642725,2.5152989015,"[2.3327, 2.7098]",0.217,1.2649072975,"[1.2046, 1.3273]",descriptive (k-means ceiling = bound; T_pt and DI = reference); no reading
L16-b12,3096.337229211406,16x16 b12,3072.0,0.35,0.3,future,27.0,3.0541107905,27.0,"[27.0000, 27.0000]",0.0,2.662098285,"[2.5913, 2.7430]",descriptive (k-means ceiling = bound; T_pt and DI = reference); no reading
L16-b12,3096.337229211406,16x16 b12,3072.0,0.35,0.3,from_t0,27.0,3.0541107905,27.0,"[27.0000, 27.0000]",0.0,2.662098285,"[2.5913, 2.7430]",descriptive (k-means ceiling = bound; T_pt and DI = reference); no reading
L16-b12,3096.337229211406,16x16 b12,3072.0,0.35,0.5,future,27.0,3.7318649445,27.0,"[27.0000, 27.0000]",0.0,3.3287104234999996,"[3.2412, 3.4222]",descriptive (k-means ceiling = bound; T_pt and DI = reference); no reading
L16-b12,3096.337229211406,16x16 b12,3072.0,0.35,0.5,from_t0,27.0,3.7318649445,27.0,"[27.0000, 27.0000]",0.0,3.3287104234999996,"[3.2412, 3.4222]",descriptive (k-means ceiling = bound; T_pt and DI = reference); no reading
L16-b12,3096.337229211406,16x16 b12,3072.0,0.14,0.1,future,27.0,1.8259055584000006,2.3737020846000005,"[2.2100, 2.5514]",0.217,1.4165541236,"[1.3660, 1.4704]",descriptive (k-means ceiling = bound; T_pt and DI = reference); no reading
L16-b12,3096.337229211406,16x16 b12,3072.0,0.14,0.1,from_t0,27.0,1.8259055584000006,2.3585560460000004,"[2.1970, 2.5343]",0.217,1.252966253,"[1.1937, 1.3145]",descriptive (k-means ceiling = bound; T_pt and DI = reference); no reading
L16-b12,3096.337229211406,16x16 b12,3072.0,0.14,0.3,future,27.0,3.0406782252,27.0,"[27.0000, 27.0000]",0.0,2.6474494200000005,"[2.5767, 2.7277]",descriptive (k-means ceiling = bound; T_pt and DI = reference); no reading
L16-b12,3096.337229211406,16x16 b12,3072.0,0.14,0.3,from_t0,27.0,3.0406782252,27.0,"[27.0000, 27.0000]",0.0,2.6474494200000005,"[2.5767, 2.7277]",descriptive (k-means ceiling = bound; T_pt and DI = reference); no reading
L16-b12,3096.337229211406,16x16 b12,3072.0,0.14,0.5,future,27.0,3.7178286684000006,27.0,"[27.0000, 27.0000]",0.0,3.3143900482,"[3.2273, 3.4062]",descriptive (k-means ceiling = bound; T_pt and DI = reference); no reading
L16-b12,3096.337229211406,16x16 b12,3072.0,0.14,0.5,from_t0,27.0,3.7178286684000006,27.0,"[27.0000, 27.0000]",0.0,3.3143900482,"[3.2273, 3.4062]",descriptive (k-means ceiling = bound; T_pt and DI = reference); no reading
L16-b12,3096.337229211406,16x16 b12,3072.0,0.7,0.1,future,27.0,1.8644009999999998,2.814890386,"[2.6214, 3.0270]",0.217,1.455209371,"[1.4051, 1.5088]",descriptive (k-means ceiling = bound; T_pt and DI = reference); no reading
L16-b12,3096.337229211406,16x16 b12,3072.0,0.7,0.1,from_t0,27.0,1.8644009999999998,2.693437978,"[2.5036, 2.9016]",0.217,1.282619107,"[1.2222, 1.3458]",descriptive (k-means ceiling = bound; T_pt and DI = reference); no reading
L16-b12,3096.337229211406,16x16 b12,3072.0,0.7,0.3,future,27.0,3.0786587369999996,27.0,"[27.0000, 27.0000]",0.0,2.685891593,"[2.6145, 2.7664]",descriptive (k-means ceiling = bound; T_pt and DI = reference); no reading
L16-b12,3096.337229211406,16x16 b12,3072.0,0.7,0.3,from_t0,27.0,3.0786587369999996,27.0,"[27.0000, 27.0000]",0.0,2.685891593,"[2.6145, 2.7664]",descriptive (k-means ceiling = bound; T_pt and DI = reference); no reading
L16-b12,3096.337229211406,16x16 b12,3072.0,0.7,0.5,future,27.0,3.755791424,27.0,"[27.0000, 27.0000]",0.0,3.3509500639999996,"[3.2638, 3.4428]",descriptive (k-means ceiling = bound; T_pt and DI = reference); no reading
L16-b12,3096.337229211406,16x16 b12,3072.0,0.7,0.5,from_t0,27.0,3.755791424,27.0,"[27.0000, 27.0000]",0.0,3.3509500639999996,"[3.2638, 3.4428]",descriptive (k-means ceiling = bound; T_pt and DI = reference); no reading
