# git_sha=9adb33b3c8d8ada3007418dffbaf6fcef7195d06-dirty; Adapt the Physics pivot; online cost
world,Re,arm,w,n,wall_seconds_per_state,solver_steps_identify,objective_evals,forecast_steps,gradient_steps,label
D,36,L0,3,300,0.024434646765391033,0,,,0,estimate
D,36,L0,6,300,0.020909930070241292,0,,,0,estimate
D,36,L0,11,300,0.019400007724761963,0,,,0,estimate
D,36,L0,23,300,0.022148744265238444,0,,,0,estimate
D,36,L_range,3,300,0.06661256790161132,0,,,0,estimate
D,36,L_range,6,300,0.05737845420837402,0,,,0,estimate
D,36,persistence,3,300,0.002165406545003255,0,,,0,estimate
D,36,L_range,11,300,0.051595180829366045,0,,,0,estimate
D,36,L_range,23,300,0.05861356894175212,0,,,0,estimate
D,36,O,3,300,0.20368193387985228,0,,10675,0,estimate
D,36,P1,3,300,0.05784512996673584,2100,30,945,0,estimate
D,36,P1x,3,300,0.24286717971165975,2100,30,10675,0,estimate
D,36,persistence,6,300,0.00171629269917806,0,,,0,estimate
D,36,O,6,300,0.20330384413401287,0,,10675,0,estimate
D,36,P1,6,300,0.11722122589747111,5250,30,1015,0,estimate
D,36,P1x,6,300,0.29736501852671304,5250,30,10675,0,estimate
D,36,persistence,11,300,0.0017013216018676757,0,,,0,estimate
D,36,O,11,300,0.20241100708643595,0,,10675,0,estimate
D,36,P1,11,300,0.21294764280319214,10500,30,980,0,estimate
D,36,P1x,11,300,0.3960998741785685,10500,30,10675,0,estimate
D,36,persistence,23,300,0.0017150115966796874,0,,,0,estimate
D,36,O,23,300,0.2027570660909017,0,,10675,0,estimate
D,36,P1,23,300,0.4525814652442932,23100,30,1365,0,estimate
D,36,P1x,23,300,0.629631941318512,23100,30,10675,0,estimate
D,36,L0big,3,300,0.04148193359375,0,,,0,estimate
D,36,L0big,6,300,0.03406331459681193,0,,,0,estimate
D,36,L0big,11,300,0.038867509365081786,0,,,0,estimate
D,36,L0big,23,300,0.0363832171758016,0,,,0,estimate
D,36,H,3,300,3.0443314067522684,2100,30,10675,0,estimate
D,36,H,6,300,3.803574108282725,5250,30,10675,0,estimate
D,36,H,11,300,5.058762774467469,10500,30,10675,0,estimate
D,36,H,23,300,8.07159416437149,23100,30,10675,0,estimate
D,36,H_true,3,300,2.5484189224243163,,,10675,0,estimate
D,36,H_true,6,300,2.5561267733573914,,,10675,0,estimate
D,36,H_true,11,300,2.554679036140442,,,10675,0,estimate
D,36,H_true,23,300,2.554892207781474,,,10675,0,estimate
D,40,persistence,3,300,0.0011524629592895507,0,,,0,estimate
D,40,O,3,300,0.11782535314559936,0,,5985,0,estimate
D,40,P1,3,300,0.057402939796447755,2100,30,910,0,estimate
D,40,P1x,3,300,0.1546293099721273,2100,30,5985,0,estimate
D,40,persistence,6,300,0.0009624393781026204,0,,,0,estimate
D,40,O,6,300,0.11479042689005534,0,,5985,0,estimate
D,40,P1,6,300,0.11820727666219076,5250,30,1015,0,estimate
D,40,P1x,6,300,0.213588920434316,5250,30,5985,0,estimate
D,40,persistence,11,300,0.0009666879971822103,0,,,0,estimate
D,40,O,11,300,0.11491738080978393,0,,5985,0,estimate
D,40,P1,11,300,0.21496278285980225,10500,30,980,0,estimate
D,40,P1x,11,300,0.3101300319035848,10500,30,5985,0,estimate
D,40,persistence,23,300,0.0009726540247599284,0,,,0,estimate
D,40,O,23,300,0.11491740703582763,0,,5985,0,estimate
D,40,L0,3,300,0.041249220371246335,0,,,0,estimate
D,40,L0,6,300,0.038622068564097084,0,,,0,estimate
D,40,L0,11,300,0.038478668530782065,0,,,0,estimate
D,40,L0,23,300,0.03866760571797689,0,,,0,estimate
D,40,P1,23,300,0.4538796846071879,23100,30,1155,0,estimate
D,40,L_range,3,300,0.03243284463882446,0,,,0,estimate
D,40,L_range,6,300,0.03476403077443441,0,,,0,estimate
D,40,L_range,11,300,0.04063147147496542,0,,,0,estimate
D,40,L_range,23,300,0.03529545545578003,0,,,0,estimate
D,40,P1x,23,300,0.5467080744107564,23100,30,5985,0,estimate
D,40,L0big,3,300,0.06977949539820354,0,,,0,estimate
D,40,L0big,6,300,0.06441725810368856,0,,,0,estimate
D,40,L0big,11,300,0.06472995360692342,0,,,0,estimate
D,40,L0big,23,300,0.06465319315592448,0,,,0,estimate
D,40,H,3,300,2.047480003039042,2100,30,5985,0,estimate
D,40,H,6,300,2.8684776027997336,5250,30,5985,0,estimate
D,40,H,11,300,4.219407149155935,10500,30,5985,0,estimate
D,40,H,23,300,7.433555757204692,23100,30,5985,0,estimate
D,40,H_true,3,300,1.6095759415626525,,,5985,0,estimate
D,40,H_true,6,300,1.6178964678446452,,,5985,0,estimate
D,40,H_true,11,300,1.6145981001853942,,,5985,0,estimate
D,40,H_true,23,300,1.6162945199012757,,,5985,0,estimate
D,44,persistence,3,300,0.0008877801895141601,0,,,0,estimate
D,44,O,3,300,0.07218315283457438,0,,4585,0,estimate
D,44,P1,3,300,0.0472986364364624,2100,30,980,0,estimate
D,44,P1x,3,300,0.10301873763402303,2100,30,4585,0,estimate
D,44,persistence,6,300,0.0007517655690511067,0,,,0,estimate
D,44,O,6,300,0.07047853549321492,0,,4585,0,estimate
D,44,P1,6,300,0.09699939886728923,5250,30,1085,0,estimate
D,44,P1x,6,300,0.15230135679244994,5250,30,4585,0,estimate
D,44,persistence,11,300,0.0007480939229329427,0,,,0,estimate
D,44,O,11,300,0.07140526374181112,0,,4585,0,estimate
D,44,P1,11,300,0.17724778413772582,10500,30,980,0,estimate
D,44,P1x,11,300,0.23314414183298746,10500,30,4585,0,estimate
D,44,persistence,23,300,0.0007524633407592773,0,,,0,estimate
D,44,O,23,300,0.07170276880264283,0,,4585,0,estimate
D,44,P1,23,300,0.37401646773020425,23100,30,1155,0,estimate
D,44,P1x,23,300,0.42799546241760256,23100,30,4585,0,estimate
D,44,L0,3,300,0.02544670502344767,0,,,0,estimate
D,44,L0,6,300,0.020027465025583904,0,,,0,estimate
D,44,L0,11,300,0.019994866053263345,0,,,0,estimate
D,44,L0,23,300,0.02008445978164673,0,,,0,estimate
D,44,L_range,3,300,0.02855586051940918,0,,,0,estimate
D,44,L_range,6,300,0.031678964296976725,0,,,0,estimate
D,44,L_range,11,300,0.032489273548126224,0,,,0,estimate
D,44,L_range,23,300,0.029623666604359944,0,,,0,estimate
D,44,L0big,3,300,0.040648383299509684,0,,,0,estimate
D,44,L0big,6,300,0.0320242706934611,0,,,0,estimate
D,44,L0big,11,300,0.03339993635813395,0,,,0,estimate
D,44,L0big,23,300,0.033805522918701175,0,,,0,estimate
D,44,H,3,300,1.7810189938545227,2100,30,4585,0,estimate
D,44,H,6,300,2.6396913727124534,5250,30,4585,0,estimate
D,44,H,11,300,4.0425719706217444,10500,30,4585,0,estimate
D,44,H,23,300,7.4325274221102395,23100,30,4585,0,estimate
D,44,H_true,3,300,1.2258389321962992,,,4585,0,estimate
D,44,H_true,6,300,1.238536942799886,,,4585,0,estimate
D,44,H_true,11,300,1.2390324465433757,,,4585,0,estimate
D,44,H_true,23,300,1.2391026004155477,,,4585,0,estimate
D,50,persistence,3,300,0.0006708216667175293,0,,,0,estimate
D,50,O,3,300,0.10846060991287232,0,,3885,0,estimate
D,50,P1,3,300,0.08514129877090454,2100,30,805,0,estimate
D,50,P1x,3,300,0.17603849252065024,2100,30,3885,0,estimate
D,50,persistence,6,300,0.0006481122970581055,0,,,0,estimate
D,50,O,6,300,0.11388472318649293,0,,3885,0,estimate
D,50,P1,6,300,0.17352224906285604,5250,30,735,0,estimate
D,50,P1x,6,300,0.26575133244196575,5250,30,3885,0,estimate
D,50,persistence,11,300,0.0006368422508239746,0,,,0,estimate
D,50,O,11,300,0.11193378686904908,0,,3815,0,estimate
D,50,P1,11,300,0.32435625076293945,10500,30,735,0,estimate
D,50,P1x,11,300,0.405312184492747,10500,30,3850,0,estimate
D,50,persistence,23,300,0.0006521352132161459,0,,,0,estimate
D,50,O,23,300,0.08193783521652222,0,,3885,0,estimate
D,50,P1,23,300,0.4449665109316508,23100,30,700,0,estimate
D,50,P1x,23,300,0.49418044646581016,23100,30,3465,0,estimate
D,50,L0,3,300,0.013308285077412923,0,,,0,estimate
D,50,L0,6,300,0.009737184842427572,0,,,0,estimate
D,50,L0,11,300,0.008805758953094482,0,,,0,estimate
D,50,L0,23,300,0.008683791160583496,0,,,0,estimate
D,50,L_range,3,300,0.021204176743825277,0,,,0,estimate
D,50,L_range,6,300,0.021752418677012126,0,,,0,estimate
D,50,L_range,11,300,0.02161251465479533,0,,,0,estimate
D,50,L_range,23,300,0.019569804668426515,0,,,0,estimate
D,50,L0big,3,300,0.023436654408772788,0,,,0,estimate
D,50,L0big,6,300,0.015909502506256102,0,,,0,estimate
D,50,L0big,11,300,0.014565226236979166,0,,,0,estimate
D,50,L0big,23,300,0.013881784280141194,0,,,0,estimate
D,50,H,3,300,1.406808762550354,2100,30,3815,0,estimate
D,50,H,6,300,2.181396855513255,5250,30,3885,0,estimate
D,50,H,11,300,3.4106713485717775,10500,30,3780,0,estimate
D,50,H,23,300,6.411593097845714,23100,30,3780,0,estimate
D,50,H_true,3,300,0.9240780735015869,,,3885,0,estimate
D,50,H_true,6,300,0.9307984018325806,,,3885,0,estimate
D,50,H_true,11,300,0.9308145117759704,,,3885,0,estimate
D,50,H_true,23,300,0.8307080316543579,,,3465,0,estimate
D,56,persistence,3,300,0.0007488512992858886,0,,,0,estimate
D,56,O,3,300,0.06364983002344768,0,,3255,0,estimate
D,56,P1,3,300,0.05239164670308431,2100,30,665,0,estimate
D,56,P1x,3,300,0.10125717560450236,2100,30,3220,0,estimate
D,56,L0,3,300,0.01085992177327474,0,,,0,estimate
D,56,L_range,3,300,0.016602224508921307,0,,,0,estimate
D,56,L0big,3,300,0.030339810848236084,0,,,0,estimate
D,56,persistence,6,300,0.0006166307131449381,0,,,0,estimate
D,56,O,6,300,0.05816166083017985,0,,3045,0,estimate
D,56,P1,6,300,0.10982757727305094,5250,30,665,0,estimate
D,56,P1x,6,300,0.15393948554992676,5250,30,2940,0,estimate
D,56,L0,6,300,0.008125206629435222,0,,,0,estimate
D,56,L_range,6,300,0.020219301382700602,0,,,0,estimate
D,56,L0big,6,300,0.0233738374710083,0,,,0,estimate
D,56,persistence,11,300,0.0006349539756774902,0,,,0,estimate
D,56,O,11,300,0.06534505685170491,0,,3430,0,estimate
D,56,P1,11,300,0.20652445236841838,10500,30,665,0,estimate
D,56,P1x,11,300,0.26031576315561933,10500,30,3430,0,estimate
D,56,L0,11,300,0.010752357641855876,0,,,0,estimate
D,56,L_range,11,300,0.02177762508392334,0,,,0,estimate
D,56,L0big,11,300,0.03086948792139689,0,,,0,estimate
D,56,persistence,23,300,0.0006206901868184407,0,,,0,estimate
D,56,O,23,300,0.06537500222524008,0,,3430,0,estimate
D,56,P1,23,300,0.4378094983100891,23100,30,665,0,estimate
D,56,P1x,23,300,0.4913730533917745,23100,30,3430,0,estimate
D,56,L0,23,300,0.009541677633921304,0,,,0,estimate
D,56,L_range,23,300,0.02266290028889974,0,,,0,estimate
D,56,L0big,23,300,0.02547372579574585,0,,,0,estimate
D,56,H,3,300,1.3118698159853617,2100,30,3115,0,estimate
D,56,H,6,300,2.0425912380218505,5250,30,2800,0,estimate
D,56,H,11,300,3.501620517571767,10500,30,3255,0,estimate
D,56,H,23,300,6.7650892774264015,23100,30,3430,0,estimate
D,56,H_true,3,300,0.7478691983222961,,,3150,0,estimate
D,56,H_true,6,300,0.6785262060165406,,,2835,0,estimate
D,56,H_true,11,300,0.7541043853759766,,,3150,0,estimate
D,56,H_true,23,300,0.8044344751040141,,,3360,0,estimate
C,36,persistence,3,300,0.0012105154991149903,0,,,0,estimate
C,36,O,3,300,0.05448002656300863,0,,5530,0,estimate
C,36,P1,3,300,0.017342039744059245,2100,30,105,0,estimate
C,36,P1x,3,300,0.07089345773061116,2100,30,5355,0,estimate
C,36,persistence,6,300,0.0011814157168070474,0,,,0,estimate
C,36,O,6,300,0.05898503144582112,0,,6020,0,estimate
C,36,P1,6,300,0.044005496501922606,5250,30,105,0,estimate
C,36,P1x,6,300,0.09965137561162313,5250,30,5040,0,estimate
C,36,persistence,11,300,0.0011763890584309896,0,,,0,estimate
C,36,O,11,300,0.05020131746927897,0,,5040,0,estimate
C,36,P1,11,300,0.0869919753074646,10500,30,105,0,estimate
C,36,P1x,11,300,0.14605695645014444,10500,30,4620,0,estimate
C,36,persistence,23,300,0.0012099146842956543,0,,,0,estimate
C,36,O,23,300,0.04614570299784342,0,,4655,0,estimate
C,36,P1,23,300,0.1900995357831319,23100,30,105,0,estimate
C,36,P1x,23,300,0.2717440478006999,23100,30,5180,0,estimate
C,36,L0,3,300,0.018772064844767254,0,,,0,estimate
C,36,L_range,3,300,0.02684764305750529,0,,,0,estimate
C,36,L0,6,300,0.016570637226104735,0,,,0,estimate
C,36,L_range,6,300,0.03559493064880371,0,,,0,estimate
C,36,L0,11,300,0.018088534673055014,0,,,0,estimate
C,36,L_range,11,300,0.04016321579615275,0,,,0,estimate
C,36,L0,23,300,0.013781754970550538,0,,,0,estimate
C,36,L_range,23,300,0.03914106845855713,0,,,0,estimate
C,36,H,3,300,1.859458425839742,2100,30,4830,0,estimate
C,36,H,6,300,2.668491137822469,5250,30,4655,0,estimate
C,36,H,11,300,4.0455120937029525,10500,30,4515,0,estimate
C,36,H,23,300,7.6483443244298295,23100,30,5250,0,estimate
C,36,H_true,3,300,1.1192775901158651,,,4410,0,estimate
C,36,H_true,6,300,1.2046257400512694,,,4690,0,estimate
C,36,H_true,11,300,1.1571414216359457,,,4515,0,estimate
C,36,H_true,23,300,1.289080991744995,,,5040,0,estimate
C,40,persistence,3,300,0.0009075355529785156,0,,,0,estimate
C,40,O,3,300,0.03523520390192668,0,,3500,0,estimate
C,40,P1,3,300,0.017454009850819907,2100,30,105,0,estimate
C,40,P1x,3,300,0.051239229043324785,2100,30,3325,0,estimate
C,40,persistence,6,300,0.0008466108640034993,0,,,0,estimate
C,40,O,6,300,0.03676257769266764,0,,3780,0,estimate
C,40,P1,6,300,0.043393239974975586,5250,30,105,0,estimate
C,40,P1x,6,300,0.08451229413350424,5250,30,3465,0,estimate
C,40,persistence,11,300,0.0008508102099100749,0,,,0,estimate
C,40,O,11,300,0.03205804983774821,0,,3220,0,estimate
C,40,P1,11,300,0.08738390366236369,10500,30,105,0,estimate
C,40,P1x,11,300,0.1321744426091512,10500,30,3150,0,estimate
C,40,persistence,23,300,0.00084975798924764,0,,,0,estimate
C,40,O,23,300,0.03545246680577596,0,,3570,0,estimate
C,40,P1,23,300,0.1911364006996155,23100,30,105,0,estimate
C,40,P1x,23,300,0.2590351581573486,23100,30,3710,0,estimate
C,40,L0,3,300,0.03246979554494222,0,,,0,estimate
C,40,L_range,3,300,0.029853813648223877,0,,,0,estimate
C,40,L0,6,300,0.032028717199961344,0,,,0,estimate
C,40,L_range,6,300,0.02838559150695801,0,,,0,estimate
C,40,L0,11,300,0.029894582430521646,0,,,0,estimate
C,40,L_range,11,300,0.028450209299723306,0,,,0,estimate
C,40,L0,23,300,0.029023317495981853,0,,,0,estimate
C,40,L_range,23,300,0.02790665070215861,0,,,0,estimate
C,40,H,3,300,1.3604009358088176,2100,30,3255,0,estimate
C,40,H,6,300,2.2008276454607647,5250,30,3325,0,estimate
C,40,H,11,300,3.499316713809967,10500,30,3150,0,estimate
C,40,H,23,300,6.911614226500193,23100,30,3850,0,estimate
C,40,H_true,3,300,0.7730504488945007,,,3255,0,estimate
C,40,H_true,6,300,0.796417064666748,,,3325,0,estimate
C,40,H_true,11,300,0.7714304526646932,,,3220,0,estimate
C,40,H_true,23,300,0.8635303084055582,,,3605,0,estimate
C,44,persistence,3,300,0.0008271765708923339,0,,,0,estimate
C,44,O,3,300,0.03354615449905395,0,,3325,0,estimate
C,44,P1,3,300,0.01743632713953654,2100,30,105,0,estimate
C,44,P1x,3,300,0.04718433141708374,2100,30,2905,0,estimate
C,44,persistence,6,300,0.0007323408126831054,0,,,0,estimate
C,44,O,6,300,0.0309307861328125,0,,3185,0,estimate
C,44,P1,6,300,0.04321653366088867,5250,30,105,0,estimate
C,44,P1x,6,300,0.08113657315572102,5250,30,3150,0,estimate
C,44,persistence,11,300,0.0007339111963907877,0,,,0,estimate
C,44,O,11,300,0.028130751450856528,0,,2835,0,estimate
C,44,P1,11,300,0.08705194711685181,10500,30,105,0,estimate
C,44,P1x,11,300,0.12804253498713175,10500,30,2730,0,estimate
C,44,persistence,23,300,0.0006850020090738932,0,,,0,estimate
C,44,O,23,300,0.029226224422454834,0,,2940,0,estimate
C,44,P1,23,300,0.19111780325571695,23100,30,105,0,estimate
C,44,P1x,23,300,0.24881483872731527,23100,30,2730,0,estimate
C,44,L0,3,300,0.018295121987660725,0,,,0,estimate
C,44,L_range,3,300,0.0210699725151062,0,,,0,estimate
C,44,L0,6,300,0.015491832097371419,0,,,0,estimate
C,44,L_range,6,300,0.02038100560506185,0,,,0,estimate
C,44,L0,11,300,0.0148340638478597,0,,,0,estimate
C,44,L_range,11,300,0.021509599685668946,0,,,0,estimate
C,44,L0,23,300,0.015350744724273682,0,,,0,estimate
C,44,L_range,23,300,0.02064519246419271,0,,,0,estimate
C,44,H,3,300,1.8898025623957315,2100,30,2415,0,estimate
C,44,H,6,300,2.0728504316012066,5250,30,2520,0,estimate
C,44,H,11,300,3.53854078690211,10500,30,2730,0,estimate
C,44,H,23,300,6.9042959094047545,23100,30,2730,0,estimate
C,44,H_true,3,300,0.6419971545537313,,,2415,0,estimate
C,44,H_true,6,300,0.7100320943196614,,,2625,0,estimate
C,44,H_true,11,300,0.7196538551648458,,,2660,0,estimate
C,44,H_true,23,300,0.8247811762491862,,,3045,0,estimate
C,50,persistence,3,300,0.000668340524037679,0,,,0,estimate
C,50,O,3,300,0.05311422983805338,0,,2345,0,estimate
C,50,P1,3,300,0.041526666482289636,2100,30,105,0,estimate
C,50,P1x,3,300,0.0975285808245341,2100,30,2380,0,estimate
C,50,persistence,6,300,0.0006328694025675456,0,,,0,estimate
C,50,O,6,300,0.05399897893269857,0,,2450,0,estimate
C,50,P1,6,300,0.09988316694895426,5250,30,105,0,estimate
C,50,P1x,6,300,0.1644664192199707,5250,30,2310,0,estimate
C,50,persistence,11,300,0.0006188790003458659,0,,,0,estimate
C,50,O,11,300,0.05089546998341878,0,,2310,0,estimate
C,50,P1,11,300,0.1957868186632792,10500,30,105,0,estimate
C,50,P1x,11,300,0.27667770862579344,10500,30,2310,0,estimate
C,50,persistence,23,300,0.0006358106931050618,0,,,0,estimate
C,50,O,23,300,0.05867473125457764,0,,2660,0,estimate
C,50,P1,23,300,0.428054723739624,23100,30,105,0,estimate
C,50,P1x,23,300,0.5426746114095052,23100,30,2240,0,estimate
C,50,H,3,300,1.0373540504773457,2100,30,2275,0,estimate
C,50,L0,3,300,0.0131201966603597,0,,,0,estimate
C,50,L_range,3,300,0.012962189515431722,0,,,0,estimate
C,50,L0,6,300,0.008110292752583821,0,,,0,estimate
C,50,L_range,6,300,0.013661194642384846,0,,,0,estimate
C,50,L0,11,300,0.008580050468444823,0,,,0,estimate
C,50,L_range,11,300,0.014271434148152668,0,,,0,estimate
C,50,L0,23,300,0.008699899514516194,0,,,0,estimate
C,50,L_range,23,300,0.014293769200642903,0,,,0,estimate
C,50,H,6,300,1.7284764075279235,5250,30,1995,0,estimate
C,50,H,11,300,3.002575131257375,10500,30,2065,0,estimate
C,50,H,23,300,6.0475510048866274,23100,30,2205,0,estimate
C,50,H_true,3,300,0.5827281697591146,,,2310,0,estimate
C,50,H_true,6,300,0.5209656532605489,,,2030,0,estimate
C,50,H_true,11,300,0.530597361723582,,,2065,0,estimate
C,50,H_true,23,300,0.5653456989924113,,,2205,0,estimate
C,56,persistence,3,300,0.0007106765111287435,0,,,0,estimate
C,56,O,3,300,0.02050562063852946,0,,1960,0,estimate
C,56,P1,3,300,0.017278541723887125,2100,30,105,0,estimate
C,56,P1x,3,300,0.03820251146952311,2100,30,1995,0,estimate
C,56,persistence,6,300,0.0005348332722981771,0,,,0,estimate
C,56,O,6,300,0.019749120871225993,0,,2065,0,estimate
C,56,P1,6,300,0.04238712151845296,5250,30,105,0,estimate
C,56,P1x,6,300,0.06894439935684205,5250,30,2030,0,estimate
C,56,persistence,11,300,0.0005854090054829915,0,,,0,estimate
C,56,O,11,300,0.020593685309092204,0,,2100,0,estimate
C,56,P1,11,300,0.08617470502853393,10500,30,105,0,estimate
C,56,P1x,11,300,0.12037420193354288,10500,30,2065,0,estimate
C,56,persistence,23,300,0.0005822443962097168,0,,,0,estimate
C,56,O,23,300,0.019745859305063885,0,,1995,0,estimate
C,56,P1,23,300,0.18978628158569336,23100,30,105,0,estimate
C,56,P1x,23,300,0.24175100803375243,23100,30,2240,0,estimate
C,56,H,3,300,0.9900859109560649,2100,30,2030,0,estimate
C,56,L0,3,300,0.010407941341400146,0,,,0,estimate
C,56,L_range,3,300,0.01058502991994222,0,,,0,estimate
C,56,L0,6,300,0.006879249413808187,0,,,0,estimate
C,56,L_range,6,300,0.011054950555165609,0,,,0,estimate
C,56,L0,11,300,0.006925688584645589,0,,,0,estimate
C,56,L_range,11,300,0.012052128314971924,0,,,0,estimate
C,56,L0,23,300,0.0071077855428059895,0,,,0,estimate
C,56,L_range,23,300,0.012690378030141196,0,,,0,estimate
C,56,H,6,300,1.7954298202196757,5250,30,1855,0,estimate
C,56,H,11,300,3.2091873629887897,10500,30,2170,0,estimate
C,56,H,23,300,6.309868048032125,23100,30,1750,0,estimate
C,56,H_true,3,300,0.5282565053304037,,,2100,0,estimate
C,56,H_true,6,300,0.5010719712575277,,,1960,0,estimate
C,56,H_true,11,300,0.5660344473520915,,,2205,0,estimate
C,56,H_true,23,300,0.4851215680440267,,,1890,0,estimate
