# git_sha=49d060feb9e37c1781676fb8b4946ab7165cc75e-dirty; Adapt the Physics pivot; window-drift detector (reported only)
world,Re,arm,w_tested,re_hat_w3,re_hat_w6,re_hat_w11,re_hat_w23,slope_per_frame,slope_ci95_lo,slope_ci95_hi,slope_per_lyapunov_time,label
D,36,H,"3,6,11,23",35.999310950481075,36.000194157357384,36.00035463423468,35.99835321119583,-6.731092575013808e-05,-0.0005890983301916787,0.0004928393939864592,-0.0020484295948263185,estimate (reported only)
D,36,P1,"3,6,11,23",31.368621894104155,30.582799525751433,29.73557654870244,27.53904586115424,-0.18727351875536627,-0.19752066784222383,-0.17676989942489404,-5.699173111505853,estimate (reported only)
D,36,P1x,"3,6,11,23",35.99658735493698,35.99708368344685,35.997834784442794,35.99798925493331,6.499493838734475e-05,-0.00044484287734063914,0.0005773832905602566,0.0019779486587476777,estimate (reported only)
D,40,H,"3,6,11,23",39.99590743632888,39.996506512225395,39.99579411923198,39.99898320860021,0.0001495349969542414,-0.0006283187355518103,0.0009411646135821473,0.0025441298032560814,estimate (reported only)
D,40,P1,"3,6,11,23",34.473048627267836,33.54972070471853,32.45311734784328,29.345938636112223,-0.25317410345608243,-0.26672191344183727,-0.24022387019795655,-4.3074049228245785,estimate (reported only)
D,40,P1x,"3,6,11,23",39.99366654848694,39.9950520243945,39.994854324973396,40.003744292344,0.0005034083600849757,-0.0002709050317051415,0.0012899248403998977,0.008564792444489558,estimate (reported only)
D,44,H,"3,6,11,23",43.996362520909955,43.99620149931735,43.99877043024141,44.0060553297525,0.0005160203575463905,-0.0005440505733500577,0.0015257492872288623,0.006711366661336904,estimate (reported only)
D,44,P1,"3,6,11,23",37.49897945068753,36.46161007678763,35.263087628964776,31.990010896612784,-0.2711765122097607,-0.28842339274602036,-0.2552024343342129,-3.5269248136563918,estimate (reported only)
D,44,P1x,"3,6,11,23",43.99335950740176,43.99564789593397,43.999649576006895,44.0108277353741,0.0008794348626619141,-0.00014545712898966938,0.0018943357469196718,0.011437939863750352,estimate (reported only)
D,50,H,"3,6,11,23",49.985587568217696,49.9908487166646,49.987376209358175,49.964742445354396,-0.0012025609018824332,-0.002609142249772864,0.00010950426065809897,-0.013299302117287594,estimate (reported only)
D,50,P1,"3,6,11,23",41.95622153866206,40.649898059011974,38.91932614581548,34.87292684392625,-0.3494072925043495,-0.3694172729109773,-0.32998484627605496,-3.8641478678749825,estimate (reported only)
D,50,P1x,"3,6,11,23",49.98477222488497,49.990550024632896,49.9932926425351,49.98147723554241,-0.0002821828736263278,-0.0016326748089941453,0.0010249803412001538,-0.0031207028956341453,estimate (reported only)
D,56,H,"3,6,11,23",55.97961652942924,55.98672027595431,55.99091442592669,55.98947402151475,0.00038597618121492626,-0.0014931944502914135,0.0022154134942760834,0.0037714989964324477,estimate (reported only)
D,56,P1,"3,6,11,23",46.28259619188459,44.722032007761726,42.5510371434159,37.18303794472565,-0.45108398889465384,-0.47547026004693604,-0.4265980831397598,-4.407688593808861,estimate (reported only)
D,56,P1x,"3,6,11,23",55.98186663189094,55.99189924714009,56.00247433959485,56.009300526845365,0.0012612769825319954,-0.0005758509689222929,0.0030957808984660453,0.012324348250893598,estimate (reported only)
C,36,H,"3,6,11,23",36.0016045251689,36.004519779530135,35.99688503999566,35.99078061210306,-0.0006342438864265936,-0.001304003400796632,3.65180404013065e-05,-0.012850755474706552,estimate (reported only)
C,36,P1,"3,6,11,23",27.48209280123026,25.00063054198465,25.00003166128894,25.00003166128894,-0.08265872617765793,-0.08556055435447177,-0.07971272256336112,-1.6747927740297548,estimate (reported only)
C,36,P1x,"3,6,11,23",35.996925871040645,36.00112147748248,36.00009302621751,36.00128411382419,0.00014715846313179896,-0.0003467723317144193,0.0006934959205015651,0.0029816565302584756,estimate (reported only)
C,40,H,"3,6,11,23",39.99619754190155,39.9995721678331,39.99895614596822,39.99147433757082,-0.0003144965637363893,-0.001383288895116557,0.0007377345184472728,-0.004612446609084966,estimate (reported only)
C,40,P1,"3,6,11,23",29.86919385126919,25.022231941335793,25.00003166128894,25.00003166128894,-0.1625841387865503,-0.16609441074595835,-0.1592216549111221,-2.3844796608512313,estimate (reported only)
C,40,P1x,"3,6,11,23",39.99035615236661,39.99527647155945,39.99682133983306,39.99407737036273,0.00010238324877860579,-0.0007478613066446963,0.0008914748918189887,0.0015015657501803788,estimate (reported only)
C,44,H,"3,6,11,23",43.99946439028225,43.99782545721487,43.988472599663034,43.96187152923977,-0.0019569304548015176,-0.003282341906961075,-0.0005438335255474421,-0.023352659284357574,estimate (reported only)
C,44,P1,"3,6,11,23",32.176848493559035,25.103551041977692,25.00003166128894,25.20065159946399,-0.23052396677001297,-0.24138550698255318,-0.21593782748872825,-2.750914136805484,estimate (reported only)
C,44,P1x,"3,6,11,23",43.99398920336919,43.99622423862818,43.996013549420375,43.98537794788238,-0.000496662559316196,-0.0015622482427098553,0.0006197415098556041,-0.005926828671172441,estimate (reported only)
C,50,H,"3,6,11,23",50.00219586554299,49.998505524146,49.993259261214355,49.956322824396324,-0.0023486564274675524,-0.004480856590720358,-0.00021790192004717855,-0.02371441702294847,estimate (reported only)
C,50,P1,"3,6,11,23",35.2403288960765,25.12309779004984,25.00003166128894,25.104751516552007,-0.3379765819731269,-0.34681115341486213,-0.32590214288788355,-3.412554307716934,estimate (reported only)
C,50,P1x,"3,6,11,23",49.99146476024892,49.99437750178314,49.989817752953996,49.99467576581932,0.00010778751504292823,-0.0014320184095973146,0.0016083768931531843,0.0010883320572994473,estimate (reported only)
C,56,H,"3,6,11,23",55.99050766388255,55.99880365400025,56.00598698852034,55.94169757827684,-0.002721631237678198,-0.005224497192639308,-5.446758503655366e-05,-0.024837337076837537,estimate (reported only)
C,56,P1,"3,6,11,23",38.157480552283836,25.321650812771363,25.001246702832997,25.089241189137883,-0.4399776558462576,-0.4510166377088783,-0.4273675695194518,-4.015192504129546,estimate (reported only)
C,56,P1x,"3,6,11,23",55.97919084634376,55.99022958315479,56.00144279106175,55.9757947397839,-0.0003801216714555107,-0.00230507009455897,0.001494680000588643,-0.0034689527197687645,estimate (reported only)
