# git_sha=150a5e1dddd5591c96e8f1cde7a37b523e1475e5-dirty; Adapt the Physics stage 2 S2F1_retention
figure,world,arm,Re,retention,restricted_mean,seeds,label
S2F1,D,O,36,1.0,2.6657584887286596,1,reference
S2F1,D,O,40,1.0,3.4163383168770505,1,reference
S2F1,D,O,44,1.0,3.806972954943852,1,reference
S2F1,D,O,50,1.0,3.3866374276353888,1,reference
S2F1,D,O,56,1.0,3.338680357707248,1,reference
S2F1,D,H,36,0.9191442831316667,2.450216675124659,3,hybrid (learned correction)
S2F1,D,H,40,0.9513085904757405,3.2499919888165705,3,hybrid (learned correction)
S2F1,D,H,44,0.9718779392556632,3.699913030252874,3,hybrid (learned correction)
S2F1,D,H,50,0.9744571021715913,3.300132893839433,3,hybrid (learned correction)
S2F1,D,H,56,0.9809951977112498,3.2752293976036877,3,hybrid (learned correction)
S2F1,D,P1x,36,0.9829216032262695,2.6202316075552115,1,reference
S2F1,D,P1x,40,0.9971899274406655,3.406738158319391,1,reference
S2F1,D,P1x,44,0.9962259399966731,3.792605210580851,1,reference
S2F1,D,P1x,50,0.9915450338198646,3.3580035227203506,1,reference
S2F1,D,P1x,56,0.9910084806375804,3.3086605486259932,1,reference
S2F1,D,L_range_wide,36,0.5170602787209483,1.3783578271847745,1,learned
S2F1,D,L_range_wide,40,0.6501016843391366,2.2209672940741014,1,learned
S2F1,D,L_range_wide,44,0.6810259230305679,2.5926472705930452,1,learned
S2F1,D,L_range_wide,50,0.6448024207903167,2.1837120116783897,1,learned
S2F1,D,L_range_wide,56,0.5805660570144069,1.9383244909055464,1,learned
S2F1,D,L_range,36,0.543589886685625,1.449079354819255,3,learned
S2F1,D,L_range,40,0.6803051853170191,2.324152671768675,3,learned
S2F1,D,L_range,44,0.6354267179561606,2.419052330107838,3,learned
S2F1,D,L_range,50,0.5299038803844784,1.7945923143593008,3,learned
S2F1,D,L_range,56,0.45005279111746876,1.502582413635216,3,learned
S2F1,D,L0,36,0.16340978452584323,0.4356110202410878,3,learned
S2F1,D,L0,40,0.8596771282225885,2.936947913289654,3,learned
S2F1,D,L0,44,0.3081761236647815,1.173218168151255,3,learned
S2F1,D,L0,50,0.16005102646256084,0.5420347965495705,3,learned
S2F1,D,L0,56,0.1120193453901434,0.3739967881372957,3,learned
S2F1,D,L0big,36,0.15679450282892074,0.4179762769021853,1,learned
S2F1,D,L0big,40,0.9204421342310463,3.144541731641613,1,learned
S2F1,D,L0big,44,0.29944674828390333,1.1399856721626993,1,learned
S2F1,D,L0big,50,0.15441438234247065,0.5229455266062122,1,learned
S2F1,D,L0big,56,0.1113722284663329,0.3718362715746297,1,learned
S2F1,D,P1,36,0.08221850109032243,0.21917466721207357,1,reference
S2F1,D,P1,40,0.113435173925795,0.387532931164306,1,reference
S2F1,D,P1,44,0.1306040224079974,0.4972059811141269,1,reference
S2F1,D,P1,50,0.15895336418654327,0.538317412402706,1,reference
S2F1,D,P1,56,0.17441504035966082,0.5823160693375165,1,reference
S2F1,D,persistence,36,0.01738052271924357,0.04633227597736487,1,reference
S2F1,D,persistence,40,0.022595277313833786,0.07719311166771312,1,reference
S2F1,D,persistence,44,0.02632276946470464,0.10021007145135241,1,reference
S2F1,D,persistence,50,0.03186187255250979,0.10790461010087835,1,reference
S2F1,D,persistence,56,0.03402472667824666,0.1135976866370199,1,reference
S2F1,C,O,36,1.0,2.9569985559913583,1,reference
S2F1,C,O,40,1.0,3.095113842999251,1,reference
S2F1,C,O,44,1.0,3.2215144694239872,1,reference
S2F1,C,O,50,1.0,3.093323736931118,1,reference
S2F1,C,O,56,1.0,3.0418914444900165,1,reference
S2F1,C,H,36,0.8494121137939986,2.511710393930421,3,hybrid (learned correction)
S2F1,C,H,40,0.8705634699172663,2.694493046950393,3,hybrid (learned correction)
S2F1,C,H,44,0.8622503540564759,2.777751991858893,3,hybrid (learned correction)
S2F1,C,H,50,0.8583778014941303,2.655240428616541,3,hybrid (learned correction)
S2F1,C,H,56,0.8300512327889847,2.5249257435092036,3,hybrid (learned correction)
S2F1,C,P1x,36,0.9951040391676866,2.9425212068800173,1,reference
S2F1,C,P1x,40,0.9968424144514613,3.0853407562575144,1,reference
S2F1,C,P1x,44,0.9976588918754881,3.213972555726386,1,reference
S2F1,C,P1x,50,0.9986125933831376,3.0890320391104025,1,reference
S2F1,C,P1x,56,0.9956772334293947,3.028742057842365,1,reference
S2F1,C,L_range_wide,36,0.6745855124068098,1.994748386079627,1,learned
S2F1,C,L_range_wide,40,0.7465119694521956,2.3105395306161243,1,learned
S2F1,C,L_range_wide,44,0.726523887973641,2.3405072174892565,1,learned
S2F1,C,L_range_wide,50,0.6805763073639275,2.1052428463617656,1,learned
S2F1,C,L_range_wide,56,0.5713256484149856,1.7379106019312558,1,learned
S2F1,C,L_range,36,0.6794443826267571,2.0091160583037606,3,learned
S2F1,C,L_range,40,0.7624957164537132,2.3600110472235194,3,learned
S2F1,C,L_range,44,0.694008497355415,2.2357584161336685,3,learned
S2F1,C,L_range,50,0.5570615439345429,1.7231716967842186,3,learned
S2F1,C,L_range,56,0.43976144732628875,1.3377065842383848,3,learned
S2F1,C,L0,36,0.19784132636029816,0.5850165163628167,3,learned
S2F1,C,L0,40,0.8512752729230918,2.634793881427227,3,learned
S2F1,C,L0,44,0.3252984190294518,1.0479535637841262,3,learned
S2F1,C,L0,50,0.17890430451796516,0.5534089318045747,3,learned
S2F1,C,L0,56,0.12103746397694523,0.36818282613423825,3,learned
S2F1,C,P1,36,0.016690775564704573,0.04935459924320727,1,reference
S2F1,C,P1,40,0.022029666617711857,0.06818432610513846,1,reference
S2F1,C,P1,44,0.02601231249458077,0.08379904108447032,1,reference
S2F1,C,P1,50,0.032017075773746,0.09903918047805073,1,reference
S2F1,C,P1,56,0.036023054755043214,0.10957822206376136,1,reference
S2F1,C,persistence,36,0.016690775564704573,0.04935459924320727,1,reference
S2F1,C,persistence,40,0.022029666617711857,0.06818432610513846,1,reference
S2F1,C,persistence,44,0.02601231249458077,0.08379904108447032,1,reference
S2F1,C,persistence,50,0.032017075773746,0.09903918047805073,1,reference
S2F1,C,persistence,56,0.036023054755043214,0.10957822206376136,1,reference
