# git_sha=89c9bc9df14f05064b9c84b85ac7a54da95d3049-dirty; Adapt the Physics stage 2 S2F4_detector
figure,world,arm,Re,w,re_hat,slope,label
S2F4,D,H,36,3,36.001979510007686,-0.0006726459493511385,estimate (reported only)
S2F4,D,H,36,6,36.00085812872042,-0.0006726459493511385,estimate (reported only)
S2F4,D,H,36,11,35.996736274191456,-0.0006726459493511385,estimate (reported only)
S2F4,D,P1,36,3,31.371311141416662,-0.20466851990496396,estimate (reported only)
S2F4,D,P1,36,6,30.590642609448743,-0.20466851990496396,estimate (reported only)
S2F4,D,P1,36,11,29.708322524907253,-0.20466851990496396,estimate (reported only)
S2F4,D,H,40,3,39.99852031129129,0.0001221320938009524,estimate (reported only)
S2F4,D,H,40,6,40.000586390285655,0.0001221320938009524,estimate (reported only)
S2F4,D,H,40,11,39.99975885768984,0.0001221320938009524,estimate (reported only)
S2F4,D,P1,40,3,34.47505182217412,-0.2564393874447415,estimate (reported only)
S2F4,D,P1,40,6,33.537062448508244,-0.2564393874447415,estimate (reported only)
S2F4,D,P1,40,11,32.39758730548825,-0.2564393874447415,estimate (reported only)
S2F4,D,H,44,3,43.990832948863755,0.0007224199093654955,estimate (reported only)
S2F4,D,H,44,6,43.99645276732214,0.0007224199093654955,estimate (reported only)
S2F4,D,H,44,11,43.99714347102026,0.0007224199093654955,estimate (reported only)
S2F4,D,P1,44,3,37.51654699307923,-0.29591700918461233,estimate (reported only)
S2F4,D,P1,44,6,36.47255459578101,-0.29591700918461233,estimate (reported only)
S2F4,D,P1,44,11,35.12517378579551,-0.29591700918461233,estimate (reported only)
S2F4,D,H,50,3,49.98337526149587,-0.0013701686014805207,estimate (reported only)
S2F4,D,H,50,6,49.984638946951335,-0.0013701686014805207,estimate (reported only)
S2F4,D,H,50,11,49.9732407113394,-0.0013701686014805207,estimate (reported only)
S2F4,D,P1,50,3,41.93776271908744,-0.3865353432320089,estimate (reported only)
S2F4,D,P1,50,6,40.61815688663544,-0.3865353432320089,estimate (reported only)
S2F4,D,P1,50,11,38.820864618961224,-0.3865353432320089,estimate (reported only)
S2F4,D,H,56,3,55.978726436440255,-0.0014336669118128595,estimate (reported only)
S2F4,D,H,56,6,55.97952962422211,-0.0014336669118128595,estimate (reported only)
S2F4,D,H,56,11,55.96804236091763,-0.0014336669118128595,estimate (reported only)
S2F4,D,P1,56,3,46.300923166863576,-0.4877462226758271,estimate (reported only)
S2F4,D,P1,56,6,44.719727640816906,-0.4877462226758271,estimate (reported only)
S2F4,D,P1,56,11,42.38080617653093,-0.4877462226758271,estimate (reported only)
S2F4,C,H,36,3,36.00781720908088,-0.0009925171471282662,estimate (reported only)
S2F4,C,H,36,6,36.00463834267023,-0.0009925171471282662,estimate (reported only)
S2F4,C,H,36,11,35.99984610037012,-0.0009925171471282662,estimate (reported only)
S2F4,C,P1,36,3,27.482660038609016,-0.2787036626547872,estimate (reported only)
S2F4,C,P1,36,6,25.002055056113047,-0.2787036626547872,estimate (reported only)
S2F4,C,P1,36,11,25.00003166128894,-0.2787036626547872,estimate (reported only)
S2F4,C,H,40,3,40.0016035177845,-0.0008735966375273606,estimate (reported only)
S2F4,C,H,40,6,39.99942572272546,-0.0008735966375273606,estimate (reported only)
S2F4,C,H,40,11,39.99468289773868,-0.0008735966375273606,estimate (reported only)
S2F4,C,P1,40,3,29.83640028545314,-0.5430584683774498,estimate (reported only)
S2F4,C,P1,40,6,25.009869178880855,-0.5430584683774498,estimate (reported only)
S2F4,C,P1,40,11,25.00003166128894,-0.5430584683774498,estimate (reported only)
S2F4,C,H,44,3,44.00059707846627,-0.0008398394405091273,estimate (reported only)
S2F4,C,H,44,6,43.99128604978931,-0.0008398394405091273,estimate (reported only)
S2F4,C,H,44,11,43.9928335151952,-0.0008398394405091273,estimate (reported only)
S2F4,C,P1,44,3,32.08882396015288,-0.7962399710589049,estimate (reported only)
S2F4,C,P1,44,6,25.027432599423584,-0.7962399710589049,estimate (reported only)
S2F4,C,P1,44,11,25.00003166128894,-0.7962399710589049,estimate (reported only)
S2F4,C,H,50,3,49.9933122400747,0.0016384792041519972,estimate (reported only)
S2F4,C,H,50,6,49.99306963642645,0.0016384792041519972,estimate (reported only)
S2F4,C,H,50,11,50.00562652889858,0.0016384792041519972,estimate (reported only)
S2F4,C,P1,50,3,35.39216400474961,-1.1702601030935103,estimate (reported only)
S2F4,C,P1,50,6,25.186048823837233,-1.1702601030935103,estimate (reported only)
S2F4,C,P1,50,11,25.00003166128894,-1.1702601030935103,estimate (reported only)
S2F4,C,H,56,3,55.99555429661394,-0.0021278538388879707,estimate (reported only)
S2F4,C,H,56,6,55.98207226209665,-0.0021278538388879707,estimate (reported only)
S2F4,C,H,56,11,55.9774393931335,-0.0021278538388879707,estimate (reported only)
S2F4,C,P1,56,3,38.08016328569221,-1.4743228054971658,estimate (reported only)
S2F4,C,P1,56,6,25.30112519643209,-1.4743228054971658,estimate (reported only)
S2F4,C,P1,56,11,25.00003166128894,-1.4743228054971658,estimate (reported only)
